dataset,dataset_family,scan_key,re,base_ion_spec,truth,candidate_group,model_name,cv_group,probability
Q10R,Q10R,Q10R:RE0,RE0,b36^2+,0,fp_selected,logistic_regression,Q10R,0.18098181886345963
Q10R,Q10R,Q10R:RE0,RE0,c3^1+,1,fn_missed,logistic_regression,Q10R,0.8077031509539786
Q10R,Q10R,Q10R:RE0,RE0,c6^1+,1,tp_selected,logistic_regression,Q10R,0.783052600350217
Q10R,Q10R,Q10R:RE0,RE0,c7^1+,1,tp_selected,logistic_regression,Q10R,0.576963262890577
Q10R,Q10R,Q10R:RE0,RE0,c8^1+,1,tp_selected,logistic_regression,Q10R,0.6529109604486326
Q10R,Q10R,Q10R:RE0,RE0,c9^1+,1,tp_selected,logistic_regression,Q10R,0.3801617762651999
Q10R,Q10R,Q10R:RE0,RE0,c10^1+,1,tp_selected,logistic_regression,Q10R,0.5819522117339817
Q10R,Q10R,Q10R:RE0,RE0,c13^2+,0,fp_selected,logistic_regression,Q10R,0.4753766836708143
Q10R,Q10R,Q10R:RE0,RE0,c14^2+,1,tp_selected,logistic_regression,Q10R,0.6413680087723237
Q10R,Q10R,Q10R:RE0,RE0,c20^1+,0,manual_negative_only,logistic_regression,Q10R,0.7346814497581212
Q10R,Q10R,Q10R:RE0,RE0,c20^2+,0,fp_selected,logistic_regression,Q10R,0.12412860123285382
Q10R,Q10R,Q10R:RE0,RE0,c36^2+,1,fn_missed,logistic_regression,Q10R,0.6231438094911265
Q10R,Q10R,Q10R:RE3,RE3,b23^1+,0,fp_selected,logistic_regression,Q10R,0.3700980842641269
Q10R,Q10R,Q10R:RE3,RE3,b36^3+,0,manual_negative_only,logistic_regression,Q10R,0.992520363993841
Q10R,Q10R,Q10R:RE3,RE3,c3^1+,1,tp_selected,logistic_regression,Q10R,0.5136617427933425
Q10R,Q10R,Q10R:RE3,RE3,c5^1+,1,tp_selected,logistic_regression,Q10R,0.3410427189724995
Q10R,Q10R,Q10R:RE3,RE3,c6^1+,1,tp_selected,logistic_regression,Q10R,0.49464919700827575
Q10R,Q10R,Q10R:RE3,RE3,c7^1+,1,tp_selected,logistic_regression,Q10R,0.6041336734713512
Q10R,Q10R,Q10R:RE3,RE3,c8^1+,0,fp_selected,logistic_regression,Q10R,0.3185192391889402
Q10R,Q10R,Q10R:RE3,RE3,c9^1+,1,tp_selected,logistic_regression,Q10R,0.3586471024633031
Q10R,Q10R,Q10R:RE3,RE3,c10^1+,1,tp_selected,logistic_regression,Q10R,0.590800466070074
Q10R,Q10R,Q10R:RE3,RE3,c14^2+,1,fn_missed,logistic_regression,Q10R,0.651380805077988
Q10R,Q10R,Q10R:RE3,RE3,c15^2+,1,fn_missed,logistic_regression,Q10R,0.6771190845978079
Q10R,Q10R,Q10R:RE3,RE3,c21^2+,1,fn_missed,logistic_regression,Q10R,0.9780520895239831
Q10R,Q10R,Q10R:RE3,RE3,c23^1+,0,fp_selected,logistic_regression,Q10R,0.23635724144290451
Q10R,Q10R,Q10R:RE3,RE3,c27^2+,0,fp_selected,logistic_regression,Q10R,0.13323829520245428
Q10R,Q10R,Q10R:RE3,RE3,c36^2+,1,fn_missed,logistic_regression,Q10R,0.9895107986904416
Q10R,Q10R,Q10R:RE8,RE8,b36^2+,1,tp_selected,logistic_regression,Q10R,0.11466424435642203
Q10R,Q10R,Q10R:RE8,RE8,c3^1+,0,fp_selected,logistic_regression,Q10R,0.5607981984720358
Q10R,Q10R,Q10R:RE8,RE8,c4^1+,0,manual_negative_only,logistic_regression,Q10R,0.9985528283434003
Q10R,Q10R,Q10R:RE8,RE8,c5^1+,1,tp_selected,logistic_regression,Q10R,0.8132750571627984
Q10R,Q10R,Q10R:RE8,RE8,c6^1+,1,tp_selected,logistic_regression,Q10R,0.529875722588021
Q10R,Q10R,Q10R:RE8,RE8,c7^1+,1,tp_selected,logistic_regression,Q10R,0.5302757962118034
Q10R,Q10R,Q10R:RE8,RE8,c8^1+,1,tp_selected,logistic_regression,Q10R,0.563063758974322
Q10R,Q10R,Q10R:RE8,RE8,c9^1+,1,tp_selected,logistic_regression,Q10R,0.4886046033510421
Q10R,Q10R,Q10R:RE8,RE8,c10^1+,1,tp_selected,logistic_regression,Q10R,0.608111224627864
Q10R,Q10R,Q10R:RE8,RE8,c13^2+,1,tp_selected,logistic_regression,Q10R,0.5464851282111014
Q10R,Q10R,Q10R:RE8,RE8,c14^2+,1,tp_selected,logistic_regression,Q10R,0.28380226467899355
Q10R,Q10R,Q10R:RE8,RE8,c15^2+,0,manual_negative_only,logistic_regression,Q10R,0.9977231760593318
Q10R,Q10R,Q10R:RE8,RE8,c17^2+,1,tp_selected,logistic_regression,Q10R,0.4310006284182585
Q10R,Q10R,Q10R:RE8,RE8,c18^2+,0,fp_selected,logistic_regression,Q10R,0.33655354951120137
Q10R,Q10R,Q10R:RE8,RE8,c21^2+,1,fn_missed,logistic_regression,Q10R,0.6868140376589837
Q10R,Q10R,Q10R:RE8,RE8,c23^1+,0,fp_selected,logistic_regression,Q10R,0.269604033231898
Q10R,Q10R,Q10R:RE8,RE8,c32^3+,1,tp_selected,logistic_regression,Q10R,0.225381698633414
Q10R,Q10R,Q10R:RE8,RE8,c34^3+,1,fn_missed,logistic_regression,Q10R,0.7509399198718505
Q10R,Q10R,Q10R:RE8,RE8,c35^2+,1,fn_missed,logistic_regression,Q10R,0.1088180603401997
Q10R,Q10R,Q10R:RE8,RE8,c36^2+,1,fn_missed,logistic_regression,Q10R,0.5341101569232475
Q10R,Q10R,Q10R:RE8,RE8,c36^3+,1,fn_missed,logistic_regression,Q10R,0.7673561364128171
Q10R,Q10R,Q10R:RE12,RE12,b18^2+,0,fp_selected,logistic_regression,Q10R,0.18879044805325515
Q10R,Q10R,Q10R:RE12,RE12,b36^2+,0,manual_negative_only,logistic_regression,Q10R,0.30184793967871437
Q10R,Q10R,Q10R:RE12,RE12,c3^1+,1,tp_selected,logistic_regression,Q10R,0.70054418738721
Q10R,Q10R,Q10R:RE12,RE12,c6^1+,1,tp_selected,logistic_regression,Q10R,0.5986709875291912
Q10R,Q10R,Q10R:RE12,RE12,c7^1+,1,tp_selected,logistic_regression,Q10R,0.6097977700286075
Q10R,Q10R,Q10R:RE12,RE12,c8^1+,1,tp_selected,logistic_regression,Q10R,0.7175967017564313
Q10R,Q10R,Q10R:RE12,RE12,c9^1+,1,tp_selected,logistic_regression,Q10R,0.5320431512500479
Q10R,Q10R,Q10R:RE12,RE12,c10^1+,1,tp_selected,logistic_regression,Q10R,0.5921994466054468
Q10R,Q10R,Q10R:RE12,RE12,c14^2+,0,manual_negative_only,logistic_regression,Q10R,0.2996769424077454
Q10R,Q10R,Q10R:RE12,RE12,c15^2+,0,fp_selected,logistic_regression,Q10R,0.3179625931311441
Q10R,Q10R,Q10R:RE12,RE12,c33^2+,0,manual_negative_only,logistic_regression,Q10R,0.6590483069363338
Q10R,Q10R,Q10R:RE12,RE12,c33^3+,1,tp_selected,logistic_regression,Q10R,0.3992735175671016
Q10R,Q10R,Q10R:RE12,RE12,c34^2+,1,fn_missed,logistic_regression,Q10R,0.9325553626822887
Q10R,Q10R,Q10R:RE12,RE12,c36^2+,1,fn_missed,logistic_regression,Q10R,0.5315274727574406
Q10R,Q10R,Q10R:RE12,RE12,c36^3+,1,fn_missed,logistic_regression,Q10R,0.6208466109561899
Q10R,Q10R,Q10R:RE15,RE15,b21^1+,0,fp_selected,logistic_regression,Q10R,0.2477395403648065
Q10R,Q10R,Q10R:RE15,RE15,b21^2+,0,fp_selected,logistic_regression,Q10R,0.2525353794371373
Q10R,Q10R,Q10R:RE15,RE15,b35^3+,1,fn_missed,logistic_regression,Q10R,0.9228346447796972
Q10R,Q10R,Q10R:RE15,RE15,b36^2+,1,fn_missed,logistic_regression,Q10R,0.1218363479825973
Q10R,Q10R,Q10R:RE15,RE15,c3^1+,1,tp_selected,logistic_regression,Q10R,0.6295268215072592
Q10R,Q10R,Q10R:RE15,RE15,c6^1+,1,tp_selected,logistic_regression,Q10R,0.46785736065021327
Q10R,Q10R,Q10R:RE15,RE15,c7^1+,1,tp_selected,logistic_regression,Q10R,0.5282167938826146
Q10R,Q10R,Q10R:RE15,RE15,c8^1+,1,tp_selected,logistic_regression,Q10R,0.5120407559407079
Q10R,Q10R,Q10R:RE15,RE15,c9^1+,1,tp_selected,logistic_regression,Q10R,0.2393877399751875
Q10R,Q10R,Q10R:RE15,RE15,c10^1+,1,tp_selected,logistic_regression,Q10R,0.5582597320878567
Q10R,Q10R,Q10R:RE15,RE15,c13^2+,1,fn_missed,logistic_regression,Q10R,0.7183635509483276
Q10R,Q10R,Q10R:RE15,RE15,c14^2+,1,tp_selected,logistic_regression,Q10R,0.25839187861788065
Q10R,Q10R,Q10R:RE15,RE15,c15^2+,0,manual_negative_only,logistic_regression,Q10R,0.6120727800700324
Q10R,Q10R,Q10R:RE15,RE15,c18^2+,1,fn_missed,logistic_regression,Q10R,0.6563726389533144
Q10R,Q10R,Q10R:RE15,RE15,c21^2+,1,fn_missed,logistic_regression,Q10R,0.4682357524803005
Q10R,Q10R,Q10R:RE15,RE15,c23^1+,0,fp_selected,logistic_regression,Q10R,0.298183148381508
Q10R,Q10R,Q10R:RE15,RE15,c35^2+,0,manual_negative_only,logistic_regression,Q10R,0.8084835177315203
Q10R,Q10R,Q10R:RE15,RE15,c36^2+,1,fn_missed,logistic_regression,Q10R,0.47597438600808656
Q10R,Q10R,Q10R:RE15,RE15,c36^3+,0,manual_negative_only,logistic_regression,Q10R,0.7072127976965432
Q10R,Q10R,Q10R:RE18,RE18,b15^1+,1,fn_missed,logistic_regression,Q10R,0.746549444763773
Q10R,Q10R,Q10R:RE18,RE18,c3^1+,1,fn_missed,logistic_regression,Q10R,0.5482376545246996
Q10R,Q10R,Q10R:RE18,RE18,c5^1+,0,manual_negative_only,logistic_regression,Q10R,0.5659611389977892
Q10R,Q10R,Q10R:RE18,RE18,c6^1+,1,tp_selected,logistic_regression,Q10R,0.28272398248412356
Q10R,Q10R,Q10R:RE18,RE18,c7^1+,1,tp_selected,logistic_regression,Q10R,0.36486343516416997
Q10R,Q10R,Q10R:RE18,RE18,c9^1+,1,tp_selected,logistic_regression,Q10R,0.4984933823134233
Q10R,Q10R,Q10R:RE18,RE18,c10^1+,1,tp_selected,logistic_regression,Q10R,0.5945299000535346
Q10R,Q10R,Q10R:RE18,RE18,c15^1+,0,fp_selected,logistic_regression,Q10R,0.3093470710578509
Q10R,Q10R,Q10R:RE18,RE18,c15^2+,0,fp_selected,logistic_regression,Q10R,0.6543828781271324
Q10R,Q10R,Q10R:RE18,RE18,c16^1+,0,fp_selected,logistic_regression,Q10R,0.3496183621804103
Q10R,Q10R,Q10R:RE18,RE18,c18^2+,0,fp_selected,logistic_regression,Q10R,0.14647301076060382
Q10R,Q10R,Q10R:RE18,RE18,c21^2+,1,fn_missed,logistic_regression,Q10R,0.8988438847554105
Q10R,Q10R,Q10R:RE18,RE18,c23^1+,1,tp_selected,logistic_regression,Q10R,0.20899378937647328
Q10R,Q10R,Q10R:RE18,RE18,c30^2+,1,fn_missed,logistic_regression,Q10R,0.26417987869336285
Q10R,Q10R,Q10R:RE18,RE18,c36^2+,1,fn_missed,logistic_regression,Q10R,0.2322883588576144
Q10R,Q10R,Q10R:RE18,RE18,c36^3+,1,fn_missed,logistic_regression,Q10R,0.4168578217640298
Q10R,Q10R,Q10R:RE22,RE22,b36^2+,1,tp_selected,logistic_regression,Q10R,0.06603122950789705
Q10R,Q10R,Q10R:RE22,RE22,c3^1+,1,tp_selected,logistic_regression,Q10R,0.6497692568925313
Q10R,Q10R,Q10R:RE22,RE22,c5^1+,0,fp_selected,logistic_regression,Q10R,0.4682054565891648
Q10R,Q10R,Q10R:RE22,RE22,c6^1+,1,tp_selected,logistic_regression,Q10R,0.7692796369625193
Q10R,Q10R,Q10R:RE22,RE22,c7^1+,1,tp_selected,logistic_regression,Q10R,0.6320161833630082
Q10R,Q10R,Q10R:RE22,RE22,c8^1+,1,tp_selected,logistic_regression,Q10R,0.6786733186945648
Q10R,Q10R,Q10R:RE22,RE22,c9^1+,1,tp_selected,logistic_regression,Q10R,0.6818915983127581
Q10R,Q10R,Q10R:RE22,RE22,c10^1+,1,tp_selected,logistic_regression,Q10R,0.5915964609694817
Q10R,Q10R,Q10R:RE22,RE22,c11^1+,0,fp_selected,logistic_regression,Q10R,0.44177234380047864
Q10R,Q10R,Q10R:RE22,RE22,c14^1+,1,fn_missed,logistic_regression,Q10R,0.8180142092773459
Q10R,Q10R,Q10R:RE22,RE22,c21^1+,0,fp_selected,logistic_regression,Q10R,0.3073633883499821
Q10R,Q10R,Q10R:RE22,RE22,c21^2+,0,fp_selected,logistic_regression,Q10R,0.3421625834456696
Q10R,Q10R,Q10R:RE22,RE22,c33^2+,1,fn_missed,logistic_regression,Q10R,0.9162548854857644
Q10R,Q10R,Q10R:RE22,RE22,c35^2+,1,fn_missed,logistic_regression,Q10R,0.9122883032057681
Q10R,Q10R,Q10R:RE22,RE22,c36^3+,1,fn_missed,logistic_regression,Q10R,0.316761304496198
Q10R,Q10R,Q10R:RE25,RE25,b15^1+,0,fp_selected,logistic_regression,Q10R,0.6859193214281526
Q10R,Q10R,Q10R:RE25,RE25,b36^1+,1,tp_selected,logistic_regression,Q10R,0.7002830599804362
Q10R,Q10R,Q10R:RE25,RE25,b36^2+,0,fp_selected,logistic_regression,Q10R,0.20013717633377942
Q10R,Q10R,Q10R:RE25,RE25,c3^1+,1,tp_selected,logistic_regression,Q10R,0.7515031489612163
Q10R,Q10R,Q10R:RE25,RE25,c5^1+,0,manual_negative_only,logistic_regression,Q10R,0.9931550927955748
Q10R,Q10R,Q10R:RE25,RE25,c6^1+,1,tp_selected,logistic_regression,Q10R,0.79475174952514
Q10R,Q10R,Q10R:RE25,RE25,c7^1+,1,tp_selected,logistic_regression,Q10R,0.6098831286674813
Q10R,Q10R,Q10R:RE25,RE25,c8^1+,1,fn_missed,logistic_regression,Q10R,0.9651796054419127
Q10R,Q10R,Q10R:RE25,RE25,c9^1+,1,tp_selected,logistic_regression,Q10R,0.616321070491847
Q10R,Q10R,Q10R:RE25,RE25,c10^1+,1,tp_selected,logistic_regression,Q10R,0.6099687351607344
Q10R,Q10R,Q10R:RE25,RE25,c11^1+,0,manual_negative_only,logistic_regression,Q10R,0.6372898211309529
Q10R,Q10R,Q10R:RE25,RE25,c17^2+,1,fn_missed,logistic_regression,Q10R,0.8889975333585746
Q10R,Q10R,Q10R:RE25,RE25,c18^2+,1,tp_selected,logistic_regression,Q10R,0.34221536580241574
Q10R,Q10R,Q10R:RE25,RE25,c21^2+,1,tp_selected,logistic_regression,Q10R,0.39964064907747904
Q10R,Q10R,Q10R:RE25,RE25,c23^1+,0,fp_selected,logistic_regression,Q10R,0.2608292244882158
Q10R,Q10R,Q10R:RE25,RE25,c35^2+,1,fn_missed,logistic_regression,Q10R,0.3876547720937602
Q10R,Q10R,Q10R:RE25,RE25,c36^2+,1,fn_missed,logistic_regression,Q10R,0.5565957305321693
Q10R,Q10R,Q10R:RE25,RE25,c36^3+,1,fn_missed,logistic_regression,Q10R,0.6127711336257934
Q10R,Q10R,Q10R:RE30,RE30,b36^2+,1,tp_selected,logistic_regression,Q10R,0.22577849629504504
Q10R,Q10R,Q10R:RE30,RE30,c3^1+,1,tp_selected,logistic_regression,Q10R,0.8105012501205945
Q10R,Q10R,Q10R:RE30,RE30,c6^1+,1,tp_selected,logistic_regression,Q10R,0.3015737436382069
Q10R,Q10R,Q10R:RE30,RE30,c7^1+,1,tp_selected,logistic_regression,Q10R,0.6274769057678279
Q10R,Q10R,Q10R:RE30,RE30,c8^1+,1,tp_selected,logistic_regression,Q10R,0.5936729918663484
Q10R,Q10R,Q10R:RE30,RE30,c9^1+,0,fp_selected,logistic_regression,Q10R,0.5400021343594021
Q10R,Q10R,Q10R:RE30,RE30,c10^1+,1,tp_selected,logistic_regression,Q10R,0.6211933310293942
Q10R,Q10R,Q10R:RE30,RE30,c14^2+,1,tp_selected,logistic_regression,Q10R,0.26772483161135097
Q10R,Q10R,Q10R:RE30,RE30,c15^2+,1,fn_missed,logistic_regression,Q10R,0.9957615320291957
Q10R,Q10R,Q10R:RE30,RE30,c17^1+,0,fp_selected,logistic_regression,Q10R,0.3225517524786367
Q10R,Q10R,Q10R:RE30,RE30,c17^2+,1,fn_missed,logistic_regression,Q10R,0.9013751067527191
Q10R,Q10R,Q10R:RE30,RE30,c23^1+,1,fn_missed,logistic_regression,Q10R,0.2881926540839991
Q10R,Q10R,Q10R:RE30,RE30,c33^3+,1,fn_missed,logistic_regression,Q10R,0.8489799776746374
Q10R,Q10R,Q10R:RE30,RE30,c34^2+,1,fn_missed,logistic_regression,Q10R,0.4828564721920132
Q10R,Q10R,Q10R:RE30,RE30,c35^2+,1,fn_missed,logistic_regression,Q10R,0.29479525884579577
Q10R,Q10R,Q10R:RE30,RE30,c36^2+,1,fn_missed,logistic_regression,Q10R,0.6720836652025336
Q10R,Q10R,Q10R:RE30,RE30,c36^3+,1,fn_missed,logistic_regression,Q10R,0.5641074379389562
Q10R,Q10R,Q10R:RE35,RE35,b36^2+,1,tp_selected,logistic_regression,Q10R,0.09895997442857618
Q10R,Q10R,Q10R:RE35,RE35,c3^1+,1,tp_selected,logistic_regression,Q10R,0.7805312472862032
Q10R,Q10R,Q10R:RE35,RE35,c6^1+,1,tp_selected,logistic_regression,Q10R,0.6317544502093934
Q10R,Q10R,Q10R:RE35,RE35,c7^1+,1,tp_selected,logistic_regression,Q10R,0.35285580011215467
Q10R,Q10R,Q10R:RE35,RE35,c9^1+,1,tp_selected,logistic_regression,Q10R,0.5700983299171268
Q10R,Q10R,Q10R:RE35,RE35,c10^1+,1,tp_selected,logistic_regression,Q10R,0.6090788491460741
Q10R,Q10R,Q10R:RE35,RE35,c11^2+,0,fp_selected,logistic_regression,Q10R,0.7752196088903114
Q10R,Q10R,Q10R:RE35,RE35,c16^2+,1,fn_missed,logistic_regression,Q10R,0.8102145367817646
Q10R,Q10R,Q10R:RE35,RE35,c23^2+,1,fn_missed,logistic_regression,Q10R,0.9963638118885597
Q10R,Q10R,Q10R:RE35,RE35,c32^2+,0,manual_negative_only,logistic_regression,Q10R,0.8636665039621346
Q10R,Q10R,Q10R:RE35,RE35,c33^2+,1,fn_missed,logistic_regression,Q10R,0.9872260630327744
Q10R,Q10R,Q10R:RE35,RE35,c36^2+,1,fn_missed,logistic_regression,Q10R,0.8458252064948478
Q10R,Q10R,Q10R:RE40,RE40,b36^2+,1,tp_selected,logistic_regression,Q10R,0.17106883871691975
Q10R,Q10R,Q10R:RE40,RE40,c3^1+,1,tp_selected,logistic_regression,Q10R,0.6471400317511734
Q10R,Q10R,Q10R:RE40,RE40,c5^1+,1,tp_selected,logistic_regression,Q10R,0.7326921043863222
Q10R,Q10R,Q10R:RE40,RE40,c6^1+,1,tp_selected,logistic_regression,Q10R,0.21261662740165896
Q10R,Q10R,Q10R:RE40,RE40,c7^1+,1,tp_selected,logistic_regression,Q10R,0.433223393934261
Q10R,Q10R,Q10R:RE40,RE40,c8^1+,1,fn_missed,logistic_regression,Q10R,0.8764160986436498
Q10R,Q10R,Q10R:RE40,RE40,c9^1+,1,tp_selected,logistic_regression,Q10R,0.5581467153011778
Q10R,Q10R,Q10R:RE40,RE40,c10^1+,1,tp_selected,logistic_regression,Q10R,0.6266088278197546
Q10R,Q10R,Q10R:RE40,RE40,c35^2+,1,fn_missed,logistic_regression,Q10R,0.7492169643601444
Q10R,Q10R,Q10R:RE40,RE40,c36^2+,1,tp_selected,logistic_regression,Q10R,0.22704593468010686
Q10R,Q10R,Q10R:RE45,RE45,b20^1+,0,fp_selected,logistic_regression,Q10R,0.3824505337515959
Q10R,Q10R,Q10R:RE45,RE45,b24^1+,1,fn_missed,logistic_regression,Q10R,0.9521992916721603
Q10R,Q10R,Q10R:RE45,RE45,b36^2+,1,fn_missed,logistic_regression,Q10R,0.13651114291696803
Q10R,Q10R,Q10R:RE45,RE45,b36^3+,1,fn_missed,logistic_regression,Q10R,0.9975071208158914
Q10R,Q10R,Q10R:RE45,RE45,c3^1+,1,fn_missed,logistic_regression,Q10R,0.6362257646761847
Q10R,Q10R,Q10R:RE45,RE45,c5^1+,1,fn_missed,logistic_regression,Q10R,0.8295380961202486
Q10R,Q10R,Q10R:RE45,RE45,c6^1+,0,manual_negative_only,logistic_regression,Q10R,0.761141399821107
Q10R,Q10R,Q10R:RE45,RE45,c7^1+,1,fn_missed,logistic_regression,Q10R,0.8124275747118314
Q10R,Q10R,Q10R:RE45,RE45,c8^1+,1,fn_missed,logistic_regression,Q10R,0.8735987465782077
Q10R,Q10R,Q10R:RE45,RE45,c9^1+,1,fn_missed,logistic_regression,Q10R,0.6995363533526149
Q10R,Q10R,Q10R:RE45,RE45,c10^1+,1,tp_selected,logistic_regression,Q10R,0.6406354084513722
Q10R,Q10R,Q10R:RE45,RE45,c18^2+,1,tp_selected,logistic_regression,Q10R,0.21172627119270937
Q10R,Q10R,Q10R:RE45,RE45,c33^2+,1,tp_selected,logistic_regression,Q10R,0.32297405323712725
Q10R,Q10R,Q10R:RE45,RE45,c34^2+,1,fn_missed,logistic_regression,Q10R,0.5002645889093347
Q10R,Q10R,Q10R:RE45,RE45,c35^2+,1,fn_missed,logistic_regression,Q10R,0.7817537066184885
Q10R,Q10R,Q10R:RE45,RE45,c36^2+,1,fn_missed,logistic_regression,Q10R,0.5291165727865751
Q10R,Q10R,Q10R:RE50,RE50,b15^1+,0,fp_selected,logistic_regression,Q10R,0.23478364562326112
Q10R,Q10R,Q10R:RE50,RE50,b35^2+,1,fn_missed,logistic_regression,Q10R,0.21397830030600049
Q10R,Q10R,Q10R:RE50,RE50,b36^2+,1,fn_missed,logistic_regression,Q10R,0.7801032769237867
Q10R,Q10R,Q10R:RE50,RE50,c3^1+,1,fn_missed,logistic_regression,Q10R,0.6841095166002258
Q10R,Q10R,Q10R:RE50,RE50,c6^1+,0,fp_selected,logistic_regression,Q10R,0.3982505949158351
Q10R,Q10R,Q10R:RE50,RE50,c7^1+,1,tp_selected,logistic_regression,Q10R,0.5576501960485846
Q10R,Q10R,Q10R:RE50,RE50,c8^1+,1,fn_missed,logistic_regression,Q10R,0.9984468782902509
Q10R,Q10R,Q10R:RE50,RE50,c9^1+,1,tp_selected,logistic_regression,Q10R,0.49048912565625497
Q10R,Q10R,Q10R:RE50,RE50,c10^1+,1,tp_selected,logistic_regression,Q10R,0.6256763323167867
Q10R,Q10R,Q10R:RE50,RE50,c21^1+,1,fn_missed,logistic_regression,Q10R,0.98053327433571
Q10R,Q10R,Q10R:RE50,RE50,c32^2+,1,fn_missed,logistic_regression,Q10R,0.29307675761378094
Q10R,Q10R,Q10R:RE50,RE50,c33^2+,1,fn_missed,logistic_regression,Q10R,0.6790107803103529
Q10R,Q10R,Q10R:RE50,RE50,c34^2+,1,fn_missed,logistic_regression,Q10R,0.22242988617803125
Q10R,Q10R,Q10R:RE50,RE50,c35^2+,1,fn_missed,logistic_regression,Q10R,0.39694349468989615
Q10R,Q10R,Q10R:RE50,RE50,c36^2+,1,tp_selected,logistic_regression,Q10R,0.17366501624460298
Q10R,Q10R,Q10R:RE55,RE55,b12^1+,1,fn_missed,logistic_regression,Q10R,0.9363050314854886
Q10R,Q10R,Q10R:RE55,RE55,b15^1+,0,fp_selected,logistic_regression,Q10R,0.33415742111400404
Q10R,Q10R,Q10R:RE55,RE55,b21^1+,1,fn_missed,logistic_regression,Q10R,0.524888514843838
Q10R,Q10R,Q10R:RE55,RE55,b35^2+,1,fn_missed,logistic_regression,Q10R,0.6760779239857627
Q10R,Q10R,Q10R:RE55,RE55,c3^1+,1,tp_selected,logistic_regression,Q10R,0.6342304743967259
Q10R,Q10R,Q10R:RE55,RE55,c6^1+,0,fp_selected,logistic_regression,Q10R,0.20639338937658744
Q10R,Q10R,Q10R:RE55,RE55,c7^1+,1,tp_selected,logistic_regression,Q10R,0.6569201322569637
Q10R,Q10R,Q10R:RE55,RE55,c9^1+,1,tp_selected,logistic_regression,Q10R,0.4884743501086322
Q10R,Q10R,Q10R:RE55,RE55,c10^1+,1,tp_selected,logistic_regression,Q10R,0.6045659961812411
Q10R,Q10R,Q10R:RE55,RE55,c11^1+,1,fn_missed,logistic_regression,Q10R,0.9343292097459959
Q10R,Q10R,Q10R:RE55,RE55,c32^2+,1,fn_missed,logistic_regression,Q10R,0.618545778529232
Q10R,Q10R,Q10R:RE55,RE55,c33^2+,1,fn_missed,logistic_regression,Q10R,0.6134174647358726
Q10R,Q10R,Q10R:RE55,RE55,c34^2+,1,tp_selected,logistic_regression,Q10R,0.27417851818717864
Q10R,Q10R,Q10R:RE55,RE55,c35^2+,1,fn_missed,logistic_regression,Q10R,0.31877190683479206
Q10R,Q10R,Q10R:RE55,RE55,c36^2+,1,tp_selected,logistic_regression,Q10R,0.2832223244989406
Q10R,Q10R,Q10R:RE55,RE55,c36^3+,1,tp_selected,logistic_regression,Q10R,0.24730851303596485
Q10R,Q10R,Q10R:RE65,RE65,b11^1+,1,fn_missed,logistic_regression,Q10R,0.9909570548049556
Q10R,Q10R,Q10R:RE65,RE65,b12^1+,0,manual_negative_only,logistic_regression,Q10R,0.938250782989826
Q10R,Q10R,Q10R:RE65,RE65,b15^1+,0,manual_negative_only,logistic_regression,Q10R,0.49623111247634166
Q10R,Q10R,Q10R:RE65,RE65,b35^2+,1,fn_missed,logistic_regression,Q10R,0.9559184245371588
Q10R,Q10R,Q10R:RE65,RE65,b35^3+,1,fn_missed,logistic_regression,Q10R,0.2929818574440014
Q10R,Q10R,Q10R:RE65,RE65,b36^2+,1,fn_missed,logistic_regression,Q10R,0.9410970113414674
Q10R,Q10R,Q10R:RE65,RE65,b36^3+,1,fn_missed,logistic_regression,Q10R,0.8906337875757625
Q10R,Q10R,Q10R:RE65,RE65,c8^1+,1,fn_missed,logistic_regression,Q10R,0.5690069041773929
Q10R,Q10R,Q10R:RE65,RE65,c9^1+,1,tp_selected,logistic_regression,Q10R,0.3586694087071526
Q10R,Q10R,Q10R:RE65,RE65,c10^1+,1,tp_selected,logistic_regression,Q10R,0.4768947872233502
Q10R,Q10R,Q10R:RE65,RE65,c11^1+,1,tp_selected,logistic_regression,Q10R,0.3106231471673554
Q10R,Q10R,Q10R:RE65,RE65,c14^2+,0,manual_negative_only,logistic_regression,Q10R,0.5733861610508811
Q10R,Q10R,Q10R:RE65,RE65,c30^1+,0,manual_negative_only,logistic_regression,Q10R,0.8143394514842828
Q10R,Q10R,Q10R:RE65,RE65,c31^2+,1,fn_missed,logistic_regression,Q10R,0.3879647018394725
Q10R,Q10R,Q10R:RE65,RE65,c32^2+,1,fn_missed,logistic_regression,Q10R,0.9483320396514179
Q10R,Q10R,Q10R:RE65,RE65,c33^2+,1,fn_missed,logistic_regression,Q10R,0.8910420809955656
Q10R,Q10R,Q10R:RE65,RE65,c34^2+,1,fn_missed,logistic_regression,Q10R,0.41438074041369194
Q10R,Q10R,Q10R:RE65,RE65,c34^3+,1,fn_missed,logistic_regression,Q10R,0.5740883765336419
Q10R,Q10R,Q10R:RE65,RE65,c35^2+,1,tp_selected,logistic_regression,Q10R,0.1452060695296214
Q10R,Q10R,Q10R:RE65,RE65,c36^2+,1,tp_selected,logistic_regression,Q10R,0.16760909754060085
Q10R,Q10R,Q10R:RE65,RE65,c36^3+,1,fn_missed,logistic_regression,Q10R,0.2683725423418671
S20G,S20G,S20G:RE3,RE3,b4^1+,0,fp_selected,logistic_regression,S20G,0.18255005533669968
S20G,S20G,S20G:RE3,RE3,b19^1+,1,fn_missed,logistic_regression,S20G,0.6115623170583326
S20G,S20G,S20G:RE3,RE3,c3^1+,1,tp_selected,logistic_regression,S20G,0.47701133541595114
S20G,S20G,S20G:RE3,RE3,c6^1+,0,fp_selected,logistic_regression,S20G,0.21368198025286922
S20G,S20G,S20G:RE3,RE3,c7^1+,0,fp_selected,logistic_regression,S20G,0.6321763424594206
S20G,S20G,S20G:RE3,RE3,c9^1+,0,fp_selected,logistic_regression,S20G,0.31777637863148167
S20G,S20G,S20G:RE3,RE3,c10^1+,0,fp_selected,logistic_regression,S20G,0.7378656991320647
S20G,S20G,S20G:RE3,RE3,c12^1+,0,fp_selected,logistic_regression,S20G,0.12089920150420391
S20G,S20G,S20G:RE3,RE3,c18^1+,1,fn_missed,logistic_regression,S20G,0.4111167775391616
S20G,S20G,S20G:RE8,RE8,c3^1+,1,tp_selected,logistic_regression,S20G,0.8882694700132606
S20G,S20G,S20G:RE8,RE8,c4^1+,0,fp_selected,logistic_regression,S20G,0.6406535128406523
S20G,S20G,S20G:RE8,RE8,c6^1+,0,fp_selected,logistic_regression,S20G,0.461233789834315
S20G,S20G,S20G:RE8,RE8,c7^1+,0,fp_selected,logistic_regression,S20G,0.5949625662321424
S20G,S20G,S20G:RE8,RE8,c8^1+,0,fp_selected,logistic_regression,S20G,0.5848727835220603
S20G,S20G,S20G:RE8,RE8,c9^1+,0,fp_selected,logistic_regression,S20G,0.33670698857168335
S20G,S20G,S20G:RE8,RE8,c10^1+,1,tp_selected,logistic_regression,S20G,0.8241803831551118
S20G,S20G,S20G:RE8,RE8,c11^1+,0,fp_selected,logistic_regression,S20G,0.24591548945329028
S20G,S20G,S20G:RE8,RE8,c12^1+,0,fp_selected,logistic_regression,S20G,0.2791858607616251
S20G,S20G,S20G:RE8,RE8,c14^1+,0,fp_selected,logistic_regression,S20G,0.26058293881526784
S20G,S20G,S20G:RE8,RE8,c17^1+,0,fp_selected,logistic_regression,S20G,0.8124464858873348
S20G,S20G,S20G:RE8,RE8,c18^1+,0,fp_selected,logistic_regression,S20G,0.2997341548315644
S20G,S20G,S20G:RE8,RE8,c21^2+,1,tp_selected,logistic_regression,S20G,0.512042619689553
S20G,S20G,S20G:RE12,RE12,c3^1+,1,tp_selected,logistic_regression,S20G,0.4483910580650679
S20G,S20G,S20G:RE12,RE12,c4^1+,0,fp_selected,logistic_regression,S20G,0.28621023595348266
S20G,S20G,S20G:RE12,RE12,c7^1+,0,fp_selected,logistic_regression,S20G,0.6482477967122692
S20G,S20G,S20G:RE12,RE12,c8^1+,1,tp_selected,logistic_regression,S20G,0.7241247495020364
S20G,S20G,S20G:RE12,RE12,c9^1+,0,fp_selected,logistic_regression,S20G,0.6171490994845195
S20G,S20G,S20G:RE12,RE12,c10^1+,1,tp_selected,logistic_regression,S20G,0.8095789060281827
S20G,S20G,S20G:RE12,RE12,c12^1+,0,fp_selected,logistic_regression,S20G,0.1648836367271113
S20G,S20G,S20G:RE15,RE15,c3^1+,1,tp_selected,logistic_regression,S20G,0.6132205577152936
S20G,S20G,S20G:RE15,RE15,c5^1+,1,fn_missed,logistic_regression,S20G,0.9617336739486685
S20G,S20G,S20G:RE15,RE15,c6^1+,1,tp_selected,logistic_regression,S20G,0.7048386672646265
S20G,S20G,S20G:RE15,RE15,c7^1+,1,tp_selected,logistic_regression,S20G,0.709958073357112
S20G,S20G,S20G:RE15,RE15,c8^1+,1,tp_selected,logistic_regression,S20G,0.6545648378056572
S20G,S20G,S20G:RE15,RE15,c10^1+,1,tp_selected,logistic_regression,S20G,0.7678541531769751
S20G,S20G,S20G:RE15,RE15,c12^1+,0,fp_selected,logistic_regression,S20G,0.16785123269510957
S20G,S20G,S20G:RE15,RE15,c14^1+,0,fp_selected,logistic_regression,S20G,0.5228495487016624
S20G,S20G,S20G:RE15,RE15,c16^1+,0,fp_selected,logistic_regression,S20G,0.20705625178753972
S20G,S20G,S20G:RE15,RE15,c18^2+,1,fn_missed,logistic_regression,S20G,0.5842507590754866
S20G,S20G,S20G:RE18,RE18,c3^1+,1,tp_selected,logistic_regression,S20G,0.7310744020930602
S20G,S20G,S20G:RE18,RE18,c6^1+,0,fp_selected,logistic_regression,S20G,0.15016670356557207
S20G,S20G,S20G:RE18,RE18,c7^1+,1,tp_selected,logistic_regression,S20G,0.6744732636273723
S20G,S20G,S20G:RE18,RE18,c8^1+,0,fp_selected,logistic_regression,S20G,0.43654215749469405
S20G,S20G,S20G:RE18,RE18,c9^1+,1,fn_missed,logistic_regression,S20G,0.2729499958886359
S20G,S20G,S20G:RE18,RE18,c10^1+,1,tp_selected,logistic_regression,S20G,0.7087786781444199
S20G,S20G,S20G:RE18,RE18,c35^2+,1,fn_missed,logistic_regression,S20G,0.8217903104571883
S20G,S20G,S20G:RE22,RE22,c2^1+,1,fn_missed,logistic_regression,S20G,0.12385765771132554
S20G,S20G,S20G:RE22,RE22,c3^1+,1,fn_missed,logistic_regression,S20G,0.3059885121651079
S20G,S20G,S20G:RE22,RE22,c6^1+,1,fn_missed,logistic_regression,S20G,0.8484685917429883
S20G,S20G,S20G:RE22,RE22,c7^2+,1,fn_missed,logistic_regression,S20G,0.4293603861636925
S20G,S20G,S20G:RE22,RE22,c9^1+,1,tp_selected,logistic_regression,S20G,0.16385873909446816
S20G,S20G,S20G:RE22,RE22,c10^1+,1,fn_missed,logistic_regression,S20G,0.8568203084485523
S20G,S20G,S20G:RE22,RE22,c18^1+,0,fp_selected,logistic_regression,S20G,0.199664020963743
S20G,S20G,S20G:RE25,RE25,c3^1+,1,tp_selected,logistic_regression,S20G,0.41339399580767716
S20G,S20G,S20G:RE25,RE25,c5^1+,0,fp_selected,logistic_regression,S20G,0.06525318444231272
S20G,S20G,S20G:RE25,RE25,c6^1+,0,fp_selected,logistic_regression,S20G,0.11534865681385345
S20G,S20G,S20G:RE25,RE25,c7^1+,1,tp_selected,logistic_regression,S20G,0.4724230789975344
S20G,S20G,S20G:RE25,RE25,c8^1+,0,fp_selected,logistic_regression,S20G,0.23968693799824817
S20G,S20G,S20G:RE25,RE25,c9^1+,0,fp_selected,logistic_regression,S20G,0.27074481657198024
S20G,S20G,S20G:RE25,RE25,c10^1+,1,tp_selected,logistic_regression,S20G,0.640272941371439
S20G,S20G,S20G:RE25,RE25,c11^1+,1,tp_selected,logistic_regression,S20G,0.059781187042097984
S20G,S20G,S20G:RE25,RE25,c12^1+,0,fp_selected,logistic_regression,S20G,0.2846997616660575
S20G,S20G,S20G:RE25,RE25,c13^1+,0,fp_selected,logistic_regression,S20G,0.3644489343247424
S20G,S20G,S20G:RE25,RE25,c14^1+,0,fp_selected,logistic_regression,S20G,0.10929016077641544
S20G,S20G,S20G:RE25,RE25,c18^1+,0,fp_selected,logistic_regression,S20G,0.21569830205455495
S20G,S20G,S20G:RE25,RE25,c21^1+,0,fp_selected,logistic_regression,S20G,0.05403026528336748
S20G,S20G,S20G:RE30,RE30,b24^1+,1,fn_missed,logistic_regression,S20G,0.7120416292830654
S20G,S20G,S20G:RE30,RE30,b36^2+,1,fn_missed,logistic_regression,S20G,0.42793993635920463
S20G,S20G,S20G:RE30,RE30,c3^1+,0,fp_selected,logistic_regression,S20G,0.32324246312875016
S20G,S20G,S20G:RE30,RE30,c5^1+,0,fp_selected,logistic_regression,S20G,0.13273218449231458
S20G,S20G,S20G:RE30,RE30,c6^1+,1,tp_selected,logistic_regression,S20G,0.11989426670382712
S20G,S20G,S20G:RE30,RE30,c7^1+,1,tp_selected,logistic_regression,S20G,0.3555347891190356
S20G,S20G,S20G:RE30,RE30,c9^1+,1,tp_selected,logistic_regression,S20G,0.12841539671294738
S20G,S20G,S20G:RE30,RE30,c10^1+,1,tp_selected,logistic_regression,S20G,0.5002317758749892
S20G,S20G,S20G:RE30,RE30,c11^1+,0,fp_selected,logistic_regression,S20G,0.425878833361627
S20G,S20G,S20G:RE30,RE30,c12^1+,0,fp_selected,logistic_regression,S20G,0.8634598508496744
S20G,S20G,S20G:RE30,RE30,c13^1+,0,fp_selected,logistic_regression,S20G,0.16411466419360532
S20G,S20G,S20G:RE30,RE30,c13^2+,1,fn_missed,logistic_regression,S20G,0.13110227128444177
S20G,S20G,S20G:RE30,RE30,c14^1+,0,fp_selected,logistic_regression,S20G,0.11524857701610929
S20G,S20G,S20G:RE30,RE30,c21^2+,1,fn_missed,logistic_regression,S20G,0.7759082046596221
S20G,S20G,S20G:RE35,RE35,b25^1+,1,tp_selected,logistic_regression,S20G,0.13261985224095718
S20G,S20G,S20G:RE35,RE35,c3^1+,1,tp_selected,logistic_regression,S20G,0.5832666638360465
S20G,S20G,S20G:RE35,RE35,c6^1+,0,fp_selected,logistic_regression,S20G,0.30689506142004064
S20G,S20G,S20G:RE35,RE35,c7^1+,1,tp_selected,logistic_regression,S20G,0.7182307440638669
S20G,S20G,S20G:RE35,RE35,c8^1+,1,fn_missed,logistic_regression,S20G,0.9049821132585367
S20G,S20G,S20G:RE35,RE35,c9^1+,0,fp_selected,logistic_regression,S20G,0.39937599503290167
S20G,S20G,S20G:RE35,RE35,c10^1+,1,tp_selected,logistic_regression,S20G,0.8345441369166133
S20G,S20G,S20G:RE35,RE35,c11^1+,1,fn_missed,logistic_regression,S20G,0.48180925579174716
S20G,S20G,S20G:RE35,RE35,c18^1+,0,fp_selected,logistic_regression,S20G,0.3189205689814896
S20G,S20G,S20G:RE40,RE40,c2^1+,1,fn_missed,logistic_regression,S20G,0.8998493458883908
S20G,S20G,S20G:RE40,RE40,c3^1+,1,tp_selected,logistic_regression,S20G,0.6046288219090549
S20G,S20G,S20G:RE40,RE40,c6^1+,0,fp_selected,logistic_regression,S20G,0.5139581728128888
S20G,S20G,S20G:RE40,RE40,c7^1+,0,fp_selected,logistic_regression,S20G,0.7165173745159774
S20G,S20G,S20G:RE40,RE40,c8^1+,1,fn_missed,logistic_regression,S20G,0.447764707364443
S20G,S20G,S20G:RE40,RE40,c9^1+,1,fn_missed,logistic_regression,S20G,0.4521268863195065
S20G,S20G,S20G:RE40,RE40,c10^1+,1,tp_selected,logistic_regression,S20G,0.8004290838161021
S20G,S20G,S20G:RE40,RE40,c11^1+,1,fn_missed,logistic_regression,S20G,0.6211453795969345
S20G,S20G,S20G:RE45,RE45,c2^1+,1,fn_missed,logistic_regression,S20G,0.12385765771132554
S20G,S20G,S20G:RE45,RE45,c3^1+,1,fn_missed,logistic_regression,S20G,0.3059885121651079
S20G,S20G,S20G:RE45,RE45,c6^1+,1,fn_missed,logistic_regression,S20G,0.8484685917429883
S20G,S20G,S20G:RE45,RE45,c7^1+,1,fn_missed,logistic_regression,S20G,0.9339761934343265
S20G,S20G,S20G:RE45,RE45,c9^1+,1,tp_selected,logistic_regression,S20G,0.16385873909446816
S20G,S20G,S20G:RE45,RE45,c10^1+,1,fn_missed,logistic_regression,S20G,0.8568203084485523
S20G,S20G,S20G:RE45,RE45,c18^1+,0,fp_selected,logistic_regression,S20G,0.199664020963743
S20G,S20G,S20G:RE50,RE50,b13^1+,1,fn_missed,logistic_regression,S20G,0.6227358757720995
S20G,S20G,S20G:RE50,RE50,b18^1+,1,fn_missed,logistic_regression,S20G,0.8848342830567547
S20G,S20G,S20G:RE50,RE50,b19^1+,1,fn_missed,logistic_regression,S20G,0.1334606422417014
S20G,S20G,S20G:RE50,RE50,b20^1+,0,fp_selected,logistic_regression,S20G,0.07286643512695463
S20G,S20G,S20G:RE50,RE50,c3^1+,0,fp_selected,logistic_regression,S20G,0.08655075433511833
S20G,S20G,S20G:RE50,RE50,c6^1+,0,fp_selected,logistic_regression,S20G,0.3499625777869155
S20G,S20G,S20G:RE50,RE50,c7^1+,1,fn_missed,logistic_regression,S20G,0.9833301206455783
S20G,S20G,S20G:RE50,RE50,c9^1+,1,tp_selected,logistic_regression,S20G,0.07942340320049616
S20G,S20G,S20G:RE50,RE50,c10^1+,1,fn_missed,logistic_regression,S20G,0.8825936584132026
S20G,S20G,S20G:RE50,RE50,c17^1+,1,fn_missed,logistic_regression,S20G,0.13186299136087057
S20G,S20G,S20G:RE50,RE50,c19^1+,0,fp_selected,logistic_regression,S20G,0.11951355088547279
S20G,S20G,S20G:RE55,RE55,b13^1+,1,fn_missed,logistic_regression,S20G,0.8149749840073608
S20G,S20G,S20G:RE55,RE55,b19^1+,0,fp_selected,logistic_regression,S20G,0.32681864066401284
S20G,S20G,S20G:RE55,RE55,b32^2+,0,fp_selected,logistic_regression,S20G,0.26314918693593875
S20G,S20G,S20G:RE55,RE55,c10^1+,1,fn_missed,logistic_regression,S20G,0.947782337332615
S20G,S20G,S20G:RE55,RE55,c11^1+,1,tp_selected,logistic_regression,S20G,0.05460801735913226
S20G,S20G,S20G:RE55,RE55,c13^1+,0,fp_selected,logistic_regression,S20G,0.1947059808546406
S20G,S20G,S20G:RE55,RE55,c18^1+,0,fp_selected,logistic_regression,S20G,0.28531200416572383
S20G,S20G,S20G:RE55,RE55,c18^2+,0,fp_selected,logistic_regression,S20G,0.22957136269760303
S20G,S20G,S20G:RE65,RE65,c3^1+,1,fn_missed,logistic_regression,S20G,0.2504016575147029
S20G,S20G,S20G:RE65,RE65,c7^1+,1,tp_selected,logistic_regression,S20G,0.4976477768787054
S20G,S20G,S20G:RE65,RE65,c10^1+,0,fp_selected,logistic_regression,S20G,0.06677069716026954
S20G,S20G,S20G:RE65,RE65,c18^1+,0,fp_selected,logistic_regression,S20G,0.20957875592890277
S20G,S20G,S20G:RE65,RE65,c35^2+,1,fn_missed,logistic_regression,S20G,0.601342270556283
S20G,S20G,S20G:RE65,RE65,c36^2+,1,fn_missed,logistic_regression,S20G,0.6625529021855494
WT_2025-02,WT,WT_2025-02:RE0,RE0,b18^1+,0,fp_selected,logistic_regression,WT,0.15750034376748992
WT_2025-02,WT,WT_2025-02:RE0,RE0,c3^1+,1,tp_selected,logistic_regression,WT,0.3144194848324691
WT_2025-02,WT,WT_2025-02:RE0,RE0,c6^1+,0,fp_selected,logistic_regression,WT,0.22516823272227704
WT_2025-02,WT,WT_2025-02:RE0,RE0,c7^1+,1,tp_selected,logistic_regression,WT,0.6144318529452879
WT_2025-02,WT,WT_2025-02:RE0,RE0,c8^1+,1,tp_selected,logistic_regression,WT,0.5215741696918046
WT_2025-02,WT,WT_2025-02:RE0,RE0,c9^1+,1,tp_selected,logistic_regression,WT,0.7634438268810899
WT_2025-02,WT,WT_2025-02:RE0,RE0,c10^1+,1,tp_selected,logistic_regression,WT,0.8119754031390979
WT_2025-02,WT,WT_2025-02:RE0,RE0,c11^1+,0,fp_selected,logistic_regression,WT,0.5196882137707692
WT_2025-02,WT,WT_2025-02:RE0,RE0,c14^1+,0,fp_selected,logistic_regression,WT,0.18271153425936335
WT_2025-02,WT,WT_2025-02:RE0,RE0,c17^1+,0,fp_selected,logistic_regression,WT,0.16899561151778045
WT_2025-02,WT,WT_2025-02:RE8,RE8,b15^2+,0,fp_selected,logistic_regression,WT,0.11627582211025125
WT_2025-02,WT,WT_2025-02:RE8,RE8,b17^1+,1,fn_missed,logistic_regression,WT,0.27481110927080815
WT_2025-02,WT,WT_2025-02:RE8,RE8,b18^1+,0,fp_selected,logistic_regression,WT,0.6474568646266528
WT_2025-02,WT,WT_2025-02:RE8,RE8,b23^1+,0,fp_selected,logistic_regression,WT,0.17167771277831156
WT_2025-02,WT,WT_2025-02:RE8,RE8,b35^2+,1,fn_missed,logistic_regression,WT,0.808079095335213
WT_2025-02,WT,WT_2025-02:RE8,RE8,c3^1+,1,tp_selected,logistic_regression,WT,0.46664288963837103
WT_2025-02,WT,WT_2025-02:RE8,RE8,c6^1+,0,fp_selected,logistic_regression,WT,0.1311419380750481
WT_2025-02,WT,WT_2025-02:RE8,RE8,c7^1+,0,fp_selected,logistic_regression,WT,0.7164396587756339
WT_2025-02,WT,WT_2025-02:RE8,RE8,c8^1+,0,fp_selected,logistic_regression,WT,0.46085817638846865
WT_2025-02,WT,WT_2025-02:RE8,RE8,c9^1+,0,fp_selected,logistic_regression,WT,0.5011384375659821
WT_2025-02,WT,WT_2025-02:RE8,RE8,c10^1+,1,tp_selected,logistic_regression,WT,0.8670885525176325
WT_2025-02,WT,WT_2025-02:RE8,RE8,c11^1+,0,fp_selected,logistic_regression,WT,0.8278821334418631
WT_2025-02,WT,WT_2025-02:RE8,RE8,c13^1+,1,tp_selected,logistic_regression,WT,0.3231241383848752
WT_2025-02,WT,WT_2025-02:RE8,RE8,c15^1+,0,fp_selected,logistic_regression,WT,0.1783163080202091
WT_2025-02,WT,WT_2025-02:RE8,RE8,c16^1+,0,fp_selected,logistic_regression,WT,0.1881030285684414
WT_2025-02,WT,WT_2025-02:RE8,RE8,c18^2+,1,fn_missed,logistic_regression,WT,0.7696773417039393
WT_2025-02,WT,WT_2025-02:RE8,RE8,c19^2+,0,fp_selected,logistic_regression,WT,0.1763862207788979
WT_2025-02,WT,WT_2025-02:RE8,RE8,c20^2+,1,fn_missed,logistic_regression,WT,0.855672968327943
WT_2025-02,WT,WT_2025-02:RE8,RE8,c33^2+,1,tp_selected,logistic_regression,WT,0.3416649565099052
WT_2025-02,WT,WT_2025-02:RE8,RE8,c35^2+,1,tp_selected,logistic_regression,WT,0.7221677711635737
WT_2025-02,WT,WT_2025-02:RE8,RE8,c36^2+,1,tp_selected,logistic_regression,WT,0.5163293300165
WT_2025-02,WT,WT_2025-02:RE12,RE12,b4^1+,0,fp_selected,logistic_regression,WT,0.058233589575403054
WT_2025-02,WT,WT_2025-02:RE12,RE12,b5^1+,1,tp_selected,logistic_regression,WT,0.1781425427379742
WT_2025-02,WT,WT_2025-02:RE12,RE12,b6^1+,1,tp_selected,logistic_regression,WT,0.18139876578999117
WT_2025-02,WT,WT_2025-02:RE12,RE12,b18^1+,0,fp_selected,logistic_regression,WT,0.3686332764241249
WT_2025-02,WT,WT_2025-02:RE12,RE12,c3^1+,1,tp_selected,logistic_regression,WT,0.1991597902842937
WT_2025-02,WT,WT_2025-02:RE12,RE12,c6^1+,0,fp_selected,logistic_regression,WT,0.0716564221055426
WT_2025-02,WT,WT_2025-02:RE12,RE12,c9^1+,1,tp_selected,logistic_regression,WT,0.635731744820735
WT_2025-02,WT,WT_2025-02:RE12,RE12,c10^1+,1,tp_selected,logistic_regression,WT,0.7151903098357733
WT_2025-02,WT,WT_2025-02:RE12,RE12,c11^1+,1,tp_selected,logistic_regression,WT,0.21706098289828354
WT_2025-02,WT,WT_2025-02:RE16,RE16,c3^1+,1,fn_missed,logistic_regression,WT,0.3268568754688962
WT_2025-02,WT,WT_2025-02:RE16,RE16,c7^1+,1,tp_selected,logistic_regression,WT,0.47116080510447395
WT_2025-02,WT,WT_2025-02:RE16,RE16,c9^1+,1,tp_selected,logistic_regression,WT,0.48990827209288057
WT_2025-02,WT,WT_2025-02:RE16,RE16,c10^1+,1,tp_selected,logistic_regression,WT,0.5192192736484783
WT_2025-02,WT,WT_2025-02:RE16,RE16,c21^1+,0,fp_selected,logistic_regression,WT,0.2566364309906059
WT_2025-02,WT,WT_2025-02:RE16,RE16,c24^1+,1,fn_missed,logistic_regression,WT,0.5744575751818644
WT_2025-02,WT,WT_2025-02:RE16,RE16,c36^2+,1,fn_missed,logistic_regression,WT,0.20606244845508287
WT_2025-02,WT,WT_2025-02:RE22,RE22,b6^1+,0,fp_selected,logistic_regression,WT,0.21132999639794262
WT_2025-02,WT,WT_2025-02:RE22,RE22,b18^1+,0,fp_selected,logistic_regression,WT,0.6561539502669022
WT_2025-02,WT,WT_2025-02:RE22,RE22,b35^2+,1,fn_missed,logistic_regression,WT,0.8474083449630861
WT_2025-02,WT,WT_2025-02:RE22,RE22,c3^1+,1,tp_selected,logistic_regression,WT,0.8082472854853774
WT_2025-02,WT,WT_2025-02:RE22,RE22,c5^1+,0,fp_selected,logistic_regression,WT,0.19945562705636788
WT_2025-02,WT,WT_2025-02:RE22,RE22,c6^1+,0,fp_selected,logistic_regression,WT,0.07394677319819892
WT_2025-02,WT,WT_2025-02:RE22,RE22,c7^1+,0,fp_selected,logistic_regression,WT,0.7346634660849731
WT_2025-02,WT,WT_2025-02:RE22,RE22,c8^1+,0,fp_selected,logistic_regression,WT,0.13606996940927996
WT_2025-02,WT,WT_2025-02:RE22,RE22,c9^1+,1,tp_selected,logistic_regression,WT,0.38384690512715935
WT_2025-02,WT,WT_2025-02:RE22,RE22,c10^1+,1,tp_selected,logistic_regression,WT,0.8316919101894594
WT_2025-02,WT,WT_2025-02:RE22,RE22,c11^1+,1,tp_selected,logistic_regression,WT,0.6829990105456896
WT_2025-02,WT,WT_2025-02:RE22,RE22,c13^1+,0,fp_selected,logistic_regression,WT,0.31507965045133635
WT_2025-02,WT,WT_2025-02:RE22,RE22,c15^1+,0,fp_selected,logistic_regression,WT,0.2634994398370316
WT_2025-02,WT,WT_2025-02:RE22,RE22,c17^1+,0,fp_selected,logistic_regression,WT,0.565742684495361
WT_2025-02,WT,WT_2025-02:RE22,RE22,c18^2+,1,fn_missed,logistic_regression,WT,0.5962069913857253
WT_2025-02,WT,WT_2025-02:RE22,RE22,c19^2+,0,fp_selected,logistic_regression,WT,0.24291672806186632
WT_2025-02,WT,WT_2025-02:RE22,RE22,c20^2+,1,fn_missed,logistic_regression,WT,0.8726443470147196
WT_2025-02,WT,WT_2025-02:RE22,RE22,c30^2+,0,fp_selected,logistic_regression,WT,0.31290348303887466
WT_2025-02,WT,WT_2025-02:RE22,RE22,c33^2+,0,fp_selected,logistic_regression,WT,0.3877765973764444
WT_2025-02,WT,WT_2025-02:RE22,RE22,c34^2+,0,fp_selected,logistic_regression,WT,0.4573352965369505
WT_2025-02,WT,WT_2025-02:RE22,RE22,c35^2+,0,fp_selected,logistic_regression,WT,0.7154083434162878
WT_2025-02,WT,WT_2025-02:RE22,RE22,c36^2+,0,fp_selected,logistic_regression,WT,0.3975455621242346
WT_2025-02,WT,WT_2025-02:RE32,RE32,b18^1+,1,fn_missed,logistic_regression,WT,0.23402809628913457
WT_2025-02,WT,WT_2025-02:RE32,RE32,b19^1+,1,fn_missed,logistic_regression,WT,0.7051310998629643
WT_2025-02,WT,WT_2025-02:RE32,RE32,c10^1+,0,fp_selected,logistic_regression,WT,0.5204868149202577
WT_2025-02,WT,WT_2025-02:RE32,RE32,c13^1+,1,fn_missed,logistic_regression,WT,0.3746093858487388
WT_2025-02,WT,WT_2025-02:RE32,RE32,c18^1+,1,fn_missed,logistic_regression,WT,0.9508332015546545
WT_2025-02,WT,WT_2025-02:RE32,RE32,c20^1+,1,fn_missed,logistic_regression,WT,0.4869101162006306
WT_2025-02,WT,WT_2025-02:RE34,RE34,b13^1+,1,fn_missed,logistic_regression,WT,0.4510068012060142
WT_2025-02,WT,WT_2025-02:RE34,RE34,b14^1+,1,fn_missed,logistic_regression,WT,0.5694544560706308
WT_2025-02,WT,WT_2025-02:RE34,RE34,b19^1+,1,fn_missed,logistic_regression,WT,0.8779144141982245
WT_2025-02,WT,WT_2025-02:RE34,RE34,c10^1+,0,fp_selected,logistic_regression,WT,0.5199037147738692
WT_2025-02,WT,WT_2025-02:RE34,RE34,c13^1+,1,tp_selected,logistic_regression,WT,0.38786651249047194
WT_2025-02,WT,WT_2025-02:RE34,RE34,c14^1+,1,fn_missed,logistic_regression,WT,0.42270202483365343
WT_2025-02,WT,WT_2025-02:RE34,RE34,c18^1+,1,fn_missed,logistic_regression,WT,0.6116499559510105
WT_2025-02,WT,WT_2025-02:RE40,RE40,b13^1+,1,fn_missed,logistic_regression,WT,0.5037029233907361
WT_2025-02,WT,WT_2025-02:RE40,RE40,b14^1+,1,fn_missed,logistic_regression,WT,0.6082739785653816
WT_2025-02,WT,WT_2025-02:RE40,RE40,b18^1+,1,fn_missed,logistic_regression,WT,0.3505166892163987
WT_2025-02,WT,WT_2025-02:RE40,RE40,c18^1+,1,fn_missed,logistic_regression,WT,0.8777312060913283
WT_2025-02,WT,WT_2025-02:RE40,RE40,c20^1+,1,fn_missed,logistic_regression,WT,0.704410178375721
WT_2025-03,WT,WT_2025-03:RE30,RE30,b5^1+,1,fn_missed,logistic_regression,WT,0.46133895678770076
WT_2025-03,WT,WT_2025-03:RE30,RE30,b6^1+,0,fp_selected,logistic_regression,WT,0.15217982244017528
WT_2025-03,WT,WT_2025-03:RE30,RE30,c3^1+,1,fn_missed,logistic_regression,WT,0.024401603691311995
WT_2025-03,WT,WT_2025-03:RE30,RE30,c7^1+,1,fn_missed,logistic_regression,WT,0.2258828636200781
WT_2025-03,WT,WT_2025-03:RE30,RE30,c9^1+,1,tp_selected,logistic_regression,WT,0.7059288078467277
WT_2025-03,WT,WT_2025-03:RE30,RE30,c10^1+,1,fn_missed,logistic_regression,WT,0.7783033659386978
WT_2025-03,WT,WT_2025-03:RE30,RE30,c13^1+,1,fn_missed,logistic_regression,WT,0.09009080118874536
WT_2025-03,WT,WT_2025-03:RE40,RE40,b18^1+,0,fp_selected,logistic_regression,WT,0.23160697200557803
WT_2025-03,WT,WT_2025-03:RE40,RE40,b20^1+,1,fn_missed,logistic_regression,WT,0.8351211485774875
WT_2025-03,WT,WT_2025-03:RE40,RE40,c3^1+,1,fn_missed,logistic_regression,WT,0.5472280783880796
WT_2025-03,WT,WT_2025-03:RE40,RE40,c13^1+,1,tp_selected,logistic_regression,WT,0.11168743676068399
WT_2025-03,WT,WT_2025-03:RE40,RE40,c19^1+,1,fn_missed,logistic_regression,WT,0.7722429126056863
WT_2025-03,WT,WT_2025-03:RE40,RE40,c20^1+,1,fn_missed,logistic_regression,WT,0.314575448431867
WT_2025-03,WT,WT_2025-03:RE45,RE45,b18^1+,1,fn_missed,logistic_regression,WT,0.10571634307354512
WT_2025-03,WT,WT_2025-03:RE45,RE45,b19^1+,1,fn_missed,logistic_regression,WT,0.9806708568486796
WT_2025-03,WT,WT_2025-03:RE45,RE45,c9^1+,0,fp_selected,logistic_regression,WT,0.641767455662377
WT_2025-03,WT,WT_2025-03:RE45,RE45,c12^1+,0,fp_selected,logistic_regression,WT,0.20503240737642117
WT_2025-03,WT,WT_2025-03:RE50,RE50,b17^1+,1,fn_missed,logistic_regression,WT,0.7621835241933186
WT_2025-03,WT,WT_2025-03:RE50,RE50,b22^1+,1,fn_missed,logistic_regression,WT,0.7890513088122485
WT_2025-03,WT,WT_2025-03:RE50,RE50,c7^1+,1,fn_missed,logistic_regression,WT,0.6024189483190759
WT_2025-03,WT,WT_2025-03:RE50,RE50,c8^1+,1,fn_missed,logistic_regression,WT,0.46125210708410713
WT_2025-03,WT,WT_2025-03:RE50,RE50,c9^1+,1,fn_missed,logistic_regression,WT,0.6552068515351678
WT_2025-03,WT,WT_2025-03:RE50,RE50,c10^1+,1,fn_missed,logistic_regression,WT,0.5483413622966136
WT_2025-03,WT,WT_2025-03:RE50,RE50,c12^1+,1,tp_selected,logistic_regression,WT,0.2620420492413471
WT_2025-03,WT,WT_2025-03:RE50,RE50,c14^1+,1,fn_missed,logistic_regression,WT,0.6593051053354587
WT_2025-03,WT,WT_2025-03:RE50,RE50,c21^1+,0,fp_selected,logistic_regression,WT,0.22382859367775182
WT_2025-03,WT,WT_2025-03:RE50,RE50,c34^2+,1,fn_missed,logistic_regression,WT,0.40478942655384276
WT_2025-03,WT,WT_2025-03:RE50,RE50,c36^2+,1,fn_missed,logistic_regression,WT,0.521178041777516
WT_2025-03,WT,WT_2025-03:RE56,RE56,b33^2+,1,fn_missed,logistic_regression,WT,0.8170053504781308
WT_2025-03,WT,WT_2025-03:RE56,RE56,c3^1+,0,fp_selected,logistic_regression,WT,0.07926150945112917
WT_2025-03,WT,WT_2025-03:RE56,RE56,c7^1+,1,fn_missed,logistic_regression,WT,0.9403377592608224
WT_2025-03,WT,WT_2025-03:RE56,RE56,c8^1+,1,tp_selected,logistic_regression,WT,0.10580802466049229
WT_2025-03,WT,WT_2025-03:RE56,RE56,c9^1+,1,tp_selected,logistic_regression,WT,0.22808590974866597
WT_2025-03,WT,WT_2025-03:RE56,RE56,c10^1+,1,fn_missed,logistic_regression,WT,0.9006245378610058
WT_2025-03,WT,WT_2025-03:RE56,RE56,c11^1+,1,fn_missed,logistic_regression,WT,0.3742889287309259
WT_2025-03,WT,WT_2025-03:RE56,RE56,c16^2+,1,fn_missed,logistic_regression,WT,0.2575614989353364
WT_2025-03,WT,WT_2025-03:RE56,RE56,c18^2+,1,fn_missed,logistic_regression,WT,0.6410647831326353
WT_2025-03,WT,WT_2025-03:RE56,RE56,c30^2+,1,fn_missed,logistic_regression,WT,0.8519624928829447
WT_2025-03,WT,WT_2025-03:RE56,RE56,c32^2+,1,fn_missed,logistic_regression,WT,0.34226430049771195
WT_2025-03,WT,WT_2025-03:RE56,RE56,c33^2+,1,fn_missed,logistic_regression,WT,0.6452049367756748
WT_2025-03,WT,WT_2025-03:RE56,RE56,c35^1+,1,fn_missed,logistic_regression,WT,0.5462573168378521
WT_2025-03,WT,WT_2025-03:RE56,RE56,c36^2+,1,fn_missed,logistic_regression,WT,0.33103645080427574
WT_2025-03,WT,WT_2025-03:RE62,RE62,b14^1+,0,fp_selected,logistic_regression,WT,0.1487582152815468
WT_2025-03,WT,WT_2025-03:RE62,RE62,b16^1+,1,fn_missed,logistic_regression,WT,0.9033203815278429
WT_2025-03,WT,WT_2025-03:RE62,RE62,c3^1+,1,tp_selected,logistic_regression,WT,0.3004201439671224
WT_2025-03,WT,WT_2025-03:RE62,RE62,c7^1+,1,tp_selected,logistic_regression,WT,0.5124893536762994
WT_2025-03,WT,WT_2025-03:RE62,RE62,c9^1+,0,fp_selected,logistic_regression,WT,0.5310713466526771
WT_2025-03,WT,WT_2025-03:RE62,RE62,c10^1+,1,tp_selected,logistic_regression,WT,0.694325246937364
WT_2025-03,WT,WT_2025-03:RE62,RE62,c12^1+,0,fp_selected,logistic_regression,WT,0.2551619471978156
WT_2025-03,WT,WT_2025-03:RE62,RE62,c14^1+,0,fp_selected,logistic_regression,WT,0.1142564588670453
WT_2025-03,WT,WT_2025-03:RE62,RE62,c16^1+,1,fn_missed,logistic_regression,WT,0.8705183734305331
WT_2025-03,WT,WT_2025-03:RE62,RE62,c19^1+,0,fp_selected,logistic_regression,WT,0.30554026498437115
WT_2025-03,WT,WT_2025-03:RE62,RE62,c34^2+,0,fp_selected,logistic_regression,WT,0.6101163423403315
WT_2025-03,WT,WT_2025-03:RE62,RE62,c35^2+,0,fp_selected,logistic_regression,WT,0.5097877530530682
WT_2025-03,WT,WT_2025-03:RE62,RE62,c36^2+,0,fp_selected,logistic_regression,WT,0.5315282972595372
WT_2025-03,WT,WT_2025-03:RE65,RE65,b14^1+,0,fp_selected,logistic_regression,WT,0.12134551344415641
WT_2025-03,WT,WT_2025-03:RE65,RE65,c3^1+,0,fp_selected,logistic_regression,WT,0.7888201078311782
WT_2025-03,WT,WT_2025-03:RE65,RE65,c6^1+,0,fp_selected,logistic_regression,WT,0.024323564614746062
WT_2025-03,WT,WT_2025-03:RE65,RE65,c7^1+,0,fp_selected,logistic_regression,WT,0.5754196887759986
WT_2025-03,WT,WT_2025-03:RE65,RE65,c9^1+,0,fp_selected,logistic_regression,WT,0.47985230559736175
WT_2025-03,WT,WT_2025-03:RE65,RE65,c10^1+,1,tp_selected,logistic_regression,WT,0.62071162196438
WT_2025-03,WT,WT_2025-03:RE65,RE65,c12^1+,0,fp_selected,logistic_regression,WT,0.33104066222026934
WT_2025-03,WT,WT_2025-03:RE65,RE65,c14^1+,0,fp_selected,logistic_regression,WT,0.08258270893187449
WT_2025-03,WT,WT_2025-03:RE65,RE65,c17^1+,0,fp_selected,logistic_regression,WT,0.11468527665033337
WT_2025-03,WT,WT_2025-03:RE65,RE65,c32^2+,0,fp_selected,logistic_regression,WT,0.5827217390610593
WT_2025-03,WT,WT_2025-03:RE65,RE65,c33^2+,0,fp_selected,logistic_regression,WT,0.5842578298662128
WT_2025-03,WT,WT_2025-03:RE65,RE65,c34^2+,0,fp_selected,logistic_regression,WT,0.523440529577372
WT_2025-03,WT,WT_2025-03:RE65,RE65,c35^2+,0,fp_selected,logistic_regression,WT,0.6862646817501203
WT_2025-03,WT,WT_2025-03:RE65,RE65,c36^2+,0,fp_selected,logistic_regression,WT,0.42171653789780217
WT_2025-03,WT,WT_2025-03:RE68,RE68,c3^1+,0,fp_selected,logistic_regression,WT,0.266849965982222
WT_2025-03,WT,WT_2025-03:RE68,RE68,c6^1+,0,fp_selected,logistic_regression,WT,0.0988314129876619
WT_2025-03,WT,WT_2025-03:RE68,RE68,c7^1+,0,fp_selected,logistic_regression,WT,0.5680730114095378
WT_2025-03,WT,WT_2025-03:RE68,RE68,c9^1+,1,fn_missed,logistic_regression,WT,0.39622815549079293
WT_2025-03,WT,WT_2025-03:RE68,RE68,c10^1+,0,fp_selected,logistic_regression,WT,0.45133134891074445
WT_2025-03,WT,WT_2025-03:RE68,RE68,c12^1+,0,fp_selected,logistic_regression,WT,0.3328789946281351
WT_2025-03,WT,WT_2025-03:RE68,RE68,c14^1+,0,fp_selected,logistic_regression,WT,0.1574475843010627
WT_2025-03,WT,WT_2025-03:RE68,RE68,c17^1+,0,fp_selected,logistic_regression,WT,0.5120533304271127
WT_2025-03,WT,WT_2025-03:RE68,RE68,c31^2+,1,fn_missed,logistic_regression,WT,0.6774369545859674
WT_2025-03,WT,WT_2025-03:RE68,RE68,c32^2+,0,fp_selected,logistic_regression,WT,0.6240021907533072
WT_2025-03,WT,WT_2025-03:RE68,RE68,c33^2+,0,fp_selected,logistic_regression,WT,0.648179972186334
WT_2025-03,WT,WT_2025-03:RE68,RE68,c34^2+,0,fp_selected,logistic_regression,WT,0.5812469321431731
WT_2025-03,WT,WT_2025-03:RE68,RE68,c35^1+,1,fn_missed,logistic_regression,WT,0.5919748324645511
WT_2025-03,WT,WT_2025-03:RE68,RE68,c35^2+,0,fp_selected,logistic_regression,WT,0.7798123181314963
WT_2025-03,WT,WT_2025-03:RE68,RE68,c36^2+,0,fp_selected,logistic_regression,WT,0.7719888085760593
Q10R,Q10R,Q10R:RE0,RE0,b36^2+,0,fp_selected,random_forest,Q10R,0.2595803940897967
Q10R,Q10R,Q10R:RE0,RE0,c3^1+,1,fn_missed,random_forest,Q10R,0.758493210294196
Q10R,Q10R,Q10R:RE0,RE0,c6^1+,1,tp_selected,random_forest,Q10R,0.6119458571123256
Q10R,Q10R,Q10R:RE0,RE0,c7^1+,1,tp_selected,random_forest,Q10R,0.6657920383156564
Q10R,Q10R,Q10R:RE0,RE0,c8^1+,1,tp_selected,random_forest,Q10R,0.6470182488832115
Q10R,Q10R,Q10R:RE0,RE0,c9^1+,1,tp_selected,random_forest,Q10R,0.19900883896240562
Q10R,Q10R,Q10R:RE0,RE0,c10^1+,1,tp_selected,random_forest,Q10R,0.923517517907868
Q10R,Q10R,Q10R:RE0,RE0,c13^2+,0,fp_selected,random_forest,Q10R,0.3188502760879664
Q10R,Q10R,Q10R:RE0,RE0,c14^2+,1,tp_selected,random_forest,Q10R,0.5573557181983596
Q10R,Q10R,Q10R:RE0,RE0,c20^1+,0,manual_negative_only,random_forest,Q10R,0.8894517034940977
Q10R,Q10R,Q10R:RE0,RE0,c20^2+,0,fp_selected,random_forest,Q10R,0.3201126578296568
Q10R,Q10R,Q10R:RE0,RE0,c36^2+,1,fn_missed,random_forest,Q10R,0.9612736481809157
Q10R,Q10R,Q10R:RE3,RE3,b23^1+,0,fp_selected,random_forest,Q10R,0.3827367552619464
Q10R,Q10R,Q10R:RE3,RE3,b36^3+,0,manual_negative_only,random_forest,Q10R,0.9979666666666667
Q10R,Q10R,Q10R:RE3,RE3,c3^1+,1,tp_selected,random_forest,Q10R,0.8150680173433682
Q10R,Q10R,Q10R:RE3,RE3,c5^1+,1,tp_selected,random_forest,Q10R,0.3833334485210585
Q10R,Q10R,Q10R:RE3,RE3,c6^1+,1,tp_selected,random_forest,Q10R,0.5711355541005146
Q10R,Q10R,Q10R:RE3,RE3,c7^1+,1,tp_selected,random_forest,Q10R,0.8551008728812184
Q10R,Q10R,Q10R:RE3,RE3,c8^1+,0,fp_selected,random_forest,Q10R,0.29927965786922633
Q10R,Q10R,Q10R:RE3,RE3,c9^1+,1,tp_selected,random_forest,Q10R,0.42720510018931074
Q10R,Q10R,Q10R:RE3,RE3,c10^1+,1,tp_selected,random_forest,Q10R,0.9386661550848707
Q10R,Q10R,Q10R:RE3,RE3,c14^2+,1,fn_missed,random_forest,Q10R,0.8316407353887967
Q10R,Q10R,Q10R:RE3,RE3,c15^2+,1,fn_missed,random_forest,Q10R,0.8920845920229588
Q10R,Q10R,Q10R:RE3,RE3,c21^2+,1,fn_missed,random_forest,Q10R,0.9722534547012427
Q10R,Q10R,Q10R:RE3,RE3,c23^1+,0,fp_selected,random_forest,Q10R,0.16897780591846642
Q10R,Q10R,Q10R:RE3,RE3,c27^2+,0,fp_selected,random_forest,Q10R,0.1679789557894217
Q10R,Q10R,Q10R:RE3,RE3,c36^2+,1,fn_missed,random_forest,Q10R,0.9803171664371664
Q10R,Q10R,Q10R:RE8,RE8,b36^2+,1,tp_selected,random_forest,Q10R,0.3803487778680548
Q10R,Q10R,Q10R:RE8,RE8,c3^1+,0,fp_selected,random_forest,Q10R,0.820295127625097
Q10R,Q10R,Q10R:RE8,RE8,c4^1+,0,manual_negative_only,random_forest,Q10R,0.9806883874768954
Q10R,Q10R,Q10R:RE8,RE8,c5^1+,1,tp_selected,random_forest,Q10R,0.5488667267857468
Q10R,Q10R,Q10R:RE8,RE8,c6^1+,1,tp_selected,random_forest,Q10R,0.5240174818343141
Q10R,Q10R,Q10R:RE8,RE8,c7^1+,1,tp_selected,random_forest,Q10R,0.7236343019067578
Q10R,Q10R,Q10R:RE8,RE8,c8^1+,1,tp_selected,random_forest,Q10R,0.48344171792724067
Q10R,Q10R,Q10R:RE8,RE8,c9^1+,1,tp_selected,random_forest,Q10R,0.4733683786449444
Q10R,Q10R,Q10R:RE8,RE8,c10^1+,1,tp_selected,random_forest,Q10R,0.9509548441273875
Q10R,Q10R,Q10R:RE8,RE8,c13^2+,1,tp_selected,random_forest,Q10R,0.4664328376962615
Q10R,Q10R,Q10R:RE8,RE8,c14^2+,1,tp_selected,random_forest,Q10R,0.3865053258445577
Q10R,Q10R,Q10R:RE8,RE8,c15^2+,0,manual_negative_only,random_forest,Q10R,0.9715955788819807
Q10R,Q10R,Q10R:RE8,RE8,c17^2+,1,tp_selected,random_forest,Q10R,0.2946179680446976
Q10R,Q10R,Q10R:RE8,RE8,c18^2+,0,fp_selected,random_forest,Q10R,0.42004996216518936
Q10R,Q10R,Q10R:RE8,RE8,c21^2+,1,fn_missed,random_forest,Q10R,0.8293223654099087
Q10R,Q10R,Q10R:RE8,RE8,c23^1+,0,fp_selected,random_forest,Q10R,0.22860922105634054
Q10R,Q10R,Q10R:RE8,RE8,c32^3+,1,tp_selected,random_forest,Q10R,0.3756896864254768
Q10R,Q10R,Q10R:RE8,RE8,c34^3+,1,fn_missed,random_forest,Q10R,0.9521291135445117
Q10R,Q10R,Q10R:RE8,RE8,c35^2+,1,fn_missed,random_forest,Q10R,0.9441231519975506
Q10R,Q10R,Q10R:RE8,RE8,c36^2+,1,fn_missed,random_forest,Q10R,0.8802206167646754
Q10R,Q10R,Q10R:RE8,RE8,c36^3+,1,fn_missed,random_forest,Q10R,0.8733536669805505
Q10R,Q10R,Q10R:RE12,RE12,b18^2+,0,fp_selected,random_forest,Q10R,0.27983851989151065
Q10R,Q10R,Q10R:RE12,RE12,b36^2+,0,manual_negative_only,random_forest,Q10R,0.7573713266426891
Q10R,Q10R,Q10R:RE12,RE12,c3^1+,1,tp_selected,random_forest,Q10R,0.5759244804442945
Q10R,Q10R,Q10R:RE12,RE12,c6^1+,1,tp_selected,random_forest,Q10R,0.5490629524379058
Q10R,Q10R,Q10R:RE12,RE12,c7^1+,1,tp_selected,random_forest,Q10R,0.468304128149304
Q10R,Q10R,Q10R:RE12,RE12,c8^1+,1,tp_selected,random_forest,Q10R,0.517801936478058
Q10R,Q10R,Q10R:RE12,RE12,c9^1+,1,tp_selected,random_forest,Q10R,0.3923432984674885
Q10R,Q10R,Q10R:RE12,RE12,c10^1+,1,tp_selected,random_forest,Q10R,0.9494597845372853
Q10R,Q10R,Q10R:RE12,RE12,c14^2+,0,manual_negative_only,random_forest,Q10R,0.5944890278134561
Q10R,Q10R,Q10R:RE12,RE12,c15^2+,0,fp_selected,random_forest,Q10R,0.3414335069403734
Q10R,Q10R,Q10R:RE12,RE12,c33^2+,0,manual_negative_only,random_forest,Q10R,0.9585232403399627
Q10R,Q10R,Q10R:RE12,RE12,c33^3+,1,tp_selected,random_forest,Q10R,0.6578666787124439
Q10R,Q10R,Q10R:RE12,RE12,c34^2+,1,fn_missed,random_forest,Q10R,0.9752585589876911
Q10R,Q10R,Q10R:RE12,RE12,c36^2+,1,fn_missed,random_forest,Q10R,0.7708553725871814
Q10R,Q10R,Q10R:RE12,RE12,c36^3+,1,fn_missed,random_forest,Q10R,0.7969708462571926
Q10R,Q10R,Q10R:RE15,RE15,b21^1+,0,fp_selected,random_forest,Q10R,0.09724134318052143
Q10R,Q10R,Q10R:RE15,RE15,b21^2+,0,fp_selected,random_forest,Q10R,0.22053529633095548
Q10R,Q10R,Q10R:RE15,RE15,b35^3+,1,fn_missed,random_forest,Q10R,0.9947045706590287
Q10R,Q10R,Q10R:RE15,RE15,b36^2+,1,fn_missed,random_forest,Q10R,0.6819151778892394
Q10R,Q10R,Q10R:RE15,RE15,c3^1+,1,tp_selected,random_forest,Q10R,0.6062484101842008
Q10R,Q10R,Q10R:RE15,RE15,c6^1+,1,tp_selected,random_forest,Q10R,0.5075314062174865
Q10R,Q10R,Q10R:RE15,RE15,c7^1+,1,tp_selected,random_forest,Q10R,0.7818025745444772
Q10R,Q10R,Q10R:RE15,RE15,c8^1+,1,tp_selected,random_forest,Q10R,0.6632500702502246
Q10R,Q10R,Q10R:RE15,RE15,c9^1+,1,tp_selected,random_forest,Q10R,0.6817484481994188
Q10R,Q10R,Q10R:RE15,RE15,c10^1+,1,tp_selected,random_forest,Q10R,0.9265859399851639
Q10R,Q10R,Q10R:RE15,RE15,c13^2+,1,fn_missed,random_forest,Q10R,0.8958105554937219
Q10R,Q10R,Q10R:RE15,RE15,c14^2+,1,tp_selected,random_forest,Q10R,0.10713971786753451
Q10R,Q10R,Q10R:RE15,RE15,c15^2+,0,manual_negative_only,random_forest,Q10R,0.8134997470705734
Q10R,Q10R,Q10R:RE15,RE15,c18^2+,1,fn_missed,random_forest,Q10R,0.8154809754264385
Q10R,Q10R,Q10R:RE15,RE15,c21^2+,1,fn_missed,random_forest,Q10R,0.8768429144955109
Q10R,Q10R,Q10R:RE15,RE15,c23^1+,0,fp_selected,random_forest,Q10R,0.3548174622729679
Q10R,Q10R,Q10R:RE15,RE15,c35^2+,0,manual_negative_only,random_forest,Q10R,0.9760082590995306
Q10R,Q10R,Q10R:RE15,RE15,c36^2+,1,fn_missed,random_forest,Q10R,0.7200873415322516
Q10R,Q10R,Q10R:RE15,RE15,c36^3+,0,manual_negative_only,random_forest,Q10R,0.9268381220575636
Q10R,Q10R,Q10R:RE18,RE18,b15^1+,1,fn_missed,random_forest,Q10R,0.9515484304137297
Q10R,Q10R,Q10R:RE18,RE18,c3^1+,1,fn_missed,random_forest,Q10R,0.7383274606795759
Q10R,Q10R,Q10R:RE18,RE18,c5^1+,0,manual_negative_only,random_forest,Q10R,0.7501814168216945
Q10R,Q10R,Q10R:RE18,RE18,c6^1+,1,tp_selected,random_forest,Q10R,0.39886285905779567
Q10R,Q10R,Q10R:RE18,RE18,c7^1+,1,tp_selected,random_forest,Q10R,0.523388774404452
Q10R,Q10R,Q10R:RE18,RE18,c9^1+,1,tp_selected,random_forest,Q10R,0.43575572351052605
Q10R,Q10R,Q10R:RE18,RE18,c10^1+,1,tp_selected,random_forest,Q10R,0.882109817267555
Q10R,Q10R,Q10R:RE18,RE18,c15^1+,0,fp_selected,random_forest,Q10R,0.3338981432666317
Q10R,Q10R,Q10R:RE18,RE18,c15^2+,0,fp_selected,random_forest,Q10R,0.38778973101303094
Q10R,Q10R,Q10R:RE18,RE18,c16^1+,0,fp_selected,random_forest,Q10R,0.26200616004534905
Q10R,Q10R,Q10R:RE18,RE18,c18^2+,0,fp_selected,random_forest,Q10R,0.29068168223544116
Q10R,Q10R,Q10R:RE18,RE18,c21^2+,1,fn_missed,random_forest,Q10R,0.9169228380977654
Q10R,Q10R,Q10R:RE18,RE18,c23^1+,1,tp_selected,random_forest,Q10R,0.20032346009939697
Q10R,Q10R,Q10R:RE18,RE18,c30^2+,1,fn_missed,random_forest,Q10R,0.43561864379783816
Q10R,Q10R,Q10R:RE18,RE18,c36^2+,1,fn_missed,random_forest,Q10R,0.7073199188067099
Q10R,Q10R,Q10R:RE18,RE18,c36^3+,1,fn_missed,random_forest,Q10R,0.8120399120514294
Q10R,Q10R,Q10R:RE22,RE22,b36^2+,1,tp_selected,random_forest,Q10R,0.35243485463252927
Q10R,Q10R,Q10R:RE22,RE22,c3^1+,1,tp_selected,random_forest,Q10R,0.647169281542332
Q10R,Q10R,Q10R:RE22,RE22,c5^1+,0,fp_selected,random_forest,Q10R,0.7317865186629463
Q10R,Q10R,Q10R:RE22,RE22,c6^1+,1,tp_selected,random_forest,Q10R,0.5929834524079998
Q10R,Q10R,Q10R:RE22,RE22,c7^1+,1,tp_selected,random_forest,Q10R,0.705856017786743
Q10R,Q10R,Q10R:RE22,RE22,c8^1+,1,tp_selected,random_forest,Q10R,0.4291626307170405
Q10R,Q10R,Q10R:RE22,RE22,c9^1+,1,tp_selected,random_forest,Q10R,0.6522186231869552
Q10R,Q10R,Q10R:RE22,RE22,c10^1+,1,tp_selected,random_forest,Q10R,0.9457879034881183
Q10R,Q10R,Q10R:RE22,RE22,c11^1+,0,fp_selected,random_forest,Q10R,0.4148536760233681
Q10R,Q10R,Q10R:RE22,RE22,c14^1+,1,fn_missed,random_forest,Q10R,0.9211820014610033
Q10R,Q10R,Q10R:RE22,RE22,c21^1+,0,fp_selected,random_forest,Q10R,0.24330340153147184
Q10R,Q10R,Q10R:RE22,RE22,c21^2+,0,fp_selected,random_forest,Q10R,0.21387334947453746
Q10R,Q10R,Q10R:RE22,RE22,c33^2+,1,fn_missed,random_forest,Q10R,0.98633351783879
Q10R,Q10R,Q10R:RE22,RE22,c35^2+,1,fn_missed,random_forest,Q10R,0.9579984861294885
Q10R,Q10R,Q10R:RE22,RE22,c36^3+,1,fn_missed,random_forest,Q10R,0.8920110408609679
Q10R,Q10R,Q10R:RE25,RE25,b15^1+,0,fp_selected,random_forest,Q10R,0.4775929455486846
Q10R,Q10R,Q10R:RE25,RE25,b36^1+,1,tp_selected,random_forest,Q10R,0.5806702885922247
Q10R,Q10R,Q10R:RE25,RE25,b36^2+,0,fp_selected,random_forest,Q10R,0.3709209117627302
Q10R,Q10R,Q10R:RE25,RE25,c3^1+,1,tp_selected,random_forest,Q10R,0.5079267043084273
Q10R,Q10R,Q10R:RE25,RE25,c5^1+,0,manual_negative_only,random_forest,Q10R,0.9841225694126733
Q10R,Q10R,Q10R:RE25,RE25,c6^1+,1,tp_selected,random_forest,Q10R,0.4713380242069321
Q10R,Q10R,Q10R:RE25,RE25,c7^1+,1,tp_selected,random_forest,Q10R,0.8595346475513843
Q10R,Q10R,Q10R:RE25,RE25,c8^1+,1,fn_missed,random_forest,Q10R,0.9044181748285559
Q10R,Q10R,Q10R:RE25,RE25,c9^1+,1,tp_selected,random_forest,Q10R,0.5873186070151899
Q10R,Q10R,Q10R:RE25,RE25,c10^1+,1,tp_selected,random_forest,Q10R,0.9363463529953805
Q10R,Q10R,Q10R:RE25,RE25,c11^1+,0,manual_negative_only,random_forest,Q10R,0.8753484752157894
Q10R,Q10R,Q10R:RE25,RE25,c17^2+,1,fn_missed,random_forest,Q10R,0.839150153208763
Q10R,Q10R,Q10R:RE25,RE25,c18^2+,1,tp_selected,random_forest,Q10R,0.3764007369177709
Q10R,Q10R,Q10R:RE25,RE25,c21^2+,1,tp_selected,random_forest,Q10R,0.2844643036009415
Q10R,Q10R,Q10R:RE25,RE25,c23^1+,0,fp_selected,random_forest,Q10R,0.2487753547876684
Q10R,Q10R,Q10R:RE25,RE25,c35^2+,1,fn_missed,random_forest,Q10R,0.9100366593535244
Q10R,Q10R,Q10R:RE25,RE25,c36^2+,1,fn_missed,random_forest,Q10R,0.7859643470114963
Q10R,Q10R,Q10R:RE25,RE25,c36^3+,1,fn_missed,random_forest,Q10R,0.969034743072527
Q10R,Q10R,Q10R:RE30,RE30,b36^2+,1,tp_selected,random_forest,Q10R,0.3934475768971124
Q10R,Q10R,Q10R:RE30,RE30,c3^1+,1,tp_selected,random_forest,Q10R,0.6055416772065446
Q10R,Q10R,Q10R:RE30,RE30,c6^1+,1,tp_selected,random_forest,Q10R,0.2516851770807281
Q10R,Q10R,Q10R:RE30,RE30,c7^1+,1,tp_selected,random_forest,Q10R,0.8130030811695286
Q10R,Q10R,Q10R:RE30,RE30,c8^1+,1,tp_selected,random_forest,Q10R,0.3749722284444624
Q10R,Q10R,Q10R:RE30,RE30,c9^1+,0,fp_selected,random_forest,Q10R,0.5581249791075626
Q10R,Q10R,Q10R:RE30,RE30,c10^1+,1,tp_selected,random_forest,Q10R,0.9475052194707448
Q10R,Q10R,Q10R:RE30,RE30,c14^2+,1,tp_selected,random_forest,Q10R,0.22075603234016822
Q10R,Q10R,Q10R:RE30,RE30,c15^2+,1,fn_missed,random_forest,Q10R,0.9539435432526423
Q10R,Q10R,Q10R:RE30,RE30,c17^1+,0,fp_selected,random_forest,Q10R,0.28499961661552997
Q10R,Q10R,Q10R:RE30,RE30,c17^2+,1,fn_missed,random_forest,Q10R,0.9781314086414021
Q10R,Q10R,Q10R:RE30,RE30,c23^1+,1,fn_missed,random_forest,Q10R,0.7224825147251445
Q10R,Q10R,Q10R:RE30,RE30,c33^3+,1,fn_missed,random_forest,Q10R,0.8483907985037767
Q10R,Q10R,Q10R:RE30,RE30,c34^2+,1,fn_missed,random_forest,Q10R,0.9058596856962944
Q10R,Q10R,Q10R:RE30,RE30,c35^2+,1,fn_missed,random_forest,Q10R,0.7605630763753326
Q10R,Q10R,Q10R:RE30,RE30,c36^2+,1,fn_missed,random_forest,Q10R,0.7720609812708227
Q10R,Q10R,Q10R:RE30,RE30,c36^3+,1,fn_missed,random_forest,Q10R,0.818059254232252
Q10R,Q10R,Q10R:RE35,RE35,b36^2+,1,tp_selected,random_forest,Q10R,0.15759811358805803
Q10R,Q10R,Q10R:RE35,RE35,c3^1+,1,tp_selected,random_forest,Q10R,0.41890431917451393
Q10R,Q10R,Q10R:RE35,RE35,c6^1+,1,tp_selected,random_forest,Q10R,0.5490944980046969
Q10R,Q10R,Q10R:RE35,RE35,c7^1+,1,tp_selected,random_forest,Q10R,0.4940778185166852
Q10R,Q10R,Q10R:RE35,RE35,c9^1+,1,tp_selected,random_forest,Q10R,0.26671719434381547
Q10R,Q10R,Q10R:RE35,RE35,c10^1+,1,tp_selected,random_forest,Q10R,0.9140210983428857
Q10R,Q10R,Q10R:RE35,RE35,c11^2+,0,fp_selected,random_forest,Q10R,0.7154176438152399
Q10R,Q10R,Q10R:RE35,RE35,c16^2+,1,fn_missed,random_forest,Q10R,0.7345031240164215
Q10R,Q10R,Q10R:RE35,RE35,c23^2+,1,fn_missed,random_forest,Q10R,0.9966373626373627
Q10R,Q10R,Q10R:RE35,RE35,c32^2+,0,manual_negative_only,random_forest,Q10R,0.9139433298645528
Q10R,Q10R,Q10R:RE35,RE35,c33^2+,1,fn_missed,random_forest,Q10R,0.9896256846672784
Q10R,Q10R,Q10R:RE35,RE35,c36^2+,1,fn_missed,random_forest,Q10R,0.898755578787742
Q10R,Q10R,Q10R:RE40,RE40,b36^2+,1,tp_selected,random_forest,Q10R,0.37126723317298194
Q10R,Q10R,Q10R:RE40,RE40,c3^1+,1,tp_selected,random_forest,Q10R,0.6075882333651853
Q10R,Q10R,Q10R:RE40,RE40,c5^1+,1,tp_selected,random_forest,Q10R,0.5883080950508539
Q10R,Q10R,Q10R:RE40,RE40,c6^1+,1,tp_selected,random_forest,Q10R,0.5131198263271927
Q10R,Q10R,Q10R:RE40,RE40,c7^1+,1,tp_selected,random_forest,Q10R,0.536339601589318
Q10R,Q10R,Q10R:RE40,RE40,c8^1+,1,fn_missed,random_forest,Q10R,0.8408564798171865
Q10R,Q10R,Q10R:RE40,RE40,c9^1+,1,tp_selected,random_forest,Q10R,0.5441957125184692
Q10R,Q10R,Q10R:RE40,RE40,c10^1+,1,tp_selected,random_forest,Q10R,0.775721618510084
Q10R,Q10R,Q10R:RE40,RE40,c35^2+,1,fn_missed,random_forest,Q10R,0.9918414964267882
Q10R,Q10R,Q10R:RE40,RE40,c36^2+,1,tp_selected,random_forest,Q10R,0.37418423975162224
Q10R,Q10R,Q10R:RE45,RE45,b20^1+,0,fp_selected,random_forest,Q10R,0.49590919971645503
Q10R,Q10R,Q10R:RE45,RE45,b24^1+,1,fn_missed,random_forest,Q10R,0.9957133333333333
Q10R,Q10R,Q10R:RE45,RE45,b36^2+,1,fn_missed,random_forest,Q10R,0.7303027000184755
Q10R,Q10R,Q10R:RE45,RE45,b36^3+,1,fn_missed,random_forest,Q10R,0.9978199999999999
Q10R,Q10R,Q10R:RE45,RE45,c3^1+,1,fn_missed,random_forest,Q10R,0.7074688807867213
Q10R,Q10R,Q10R:RE45,RE45,c5^1+,1,fn_missed,random_forest,Q10R,0.7540442992136742
Q10R,Q10R,Q10R:RE45,RE45,c6^1+,0,manual_negative_only,random_forest,Q10R,0.8244995718572657
Q10R,Q10R,Q10R:RE45,RE45,c7^1+,1,fn_missed,random_forest,Q10R,0.8744591378521344
Q10R,Q10R,Q10R:RE45,RE45,c8^1+,1,fn_missed,random_forest,Q10R,0.8460655309302988
Q10R,Q10R,Q10R:RE45,RE45,c9^1+,1,fn_missed,random_forest,Q10R,0.6968267646173344
Q10R,Q10R,Q10R:RE45,RE45,c10^1+,1,tp_selected,random_forest,Q10R,0.48356622907547697
Q10R,Q10R,Q10R:RE45,RE45,c18^2+,1,tp_selected,random_forest,Q10R,0.2514995632493625
Q10R,Q10R,Q10R:RE45,RE45,c33^2+,1,tp_selected,random_forest,Q10R,0.2785754365481525
Q10R,Q10R,Q10R:RE45,RE45,c34^2+,1,fn_missed,random_forest,Q10R,0.8111137781486124
Q10R,Q10R,Q10R:RE45,RE45,c35^2+,1,fn_missed,random_forest,Q10R,0.9622935849072172
Q10R,Q10R,Q10R:RE45,RE45,c36^2+,1,fn_missed,random_forest,Q10R,0.7620038443230803
Q10R,Q10R,Q10R:RE50,RE50,b15^1+,0,fp_selected,random_forest,Q10R,0.5151076112741871
Q10R,Q10R,Q10R:RE50,RE50,b35^2+,1,fn_missed,random_forest,Q10R,0.7765446655977463
Q10R,Q10R,Q10R:RE50,RE50,b36^2+,1,fn_missed,random_forest,Q10R,0.8544240075413184
Q10R,Q10R,Q10R:RE50,RE50,c3^1+,1,fn_missed,random_forest,Q10R,0.7572542801514764
Q10R,Q10R,Q10R:RE50,RE50,c6^1+,0,fp_selected,random_forest,Q10R,0.34254322910674817
Q10R,Q10R,Q10R:RE50,RE50,c7^1+,1,tp_selected,random_forest,Q10R,0.6273765755191405
Q10R,Q10R,Q10R:RE50,RE50,c8^1+,1,fn_missed,random_forest,Q10R,0.9760699588507322
Q10R,Q10R,Q10R:RE50,RE50,c9^1+,1,tp_selected,random_forest,Q10R,0.483294699426863
Q10R,Q10R,Q10R:RE50,RE50,c10^1+,1,tp_selected,random_forest,Q10R,0.38032641878527124
Q10R,Q10R,Q10R:RE50,RE50,c21^1+,1,fn_missed,random_forest,Q10R,0.9754099885339079
Q10R,Q10R,Q10R:RE50,RE50,c32^2+,1,fn_missed,random_forest,Q10R,0.9281095682749113
Q10R,Q10R,Q10R:RE50,RE50,c33^2+,1,fn_missed,random_forest,Q10R,0.8059896052854661
Q10R,Q10R,Q10R:RE50,RE50,c34^2+,1,fn_missed,random_forest,Q10R,0.8111265019593473
Q10R,Q10R,Q10R:RE50,RE50,c35^2+,1,fn_missed,random_forest,Q10R,0.7493735263815543
Q10R,Q10R,Q10R:RE50,RE50,c36^2+,1,tp_selected,random_forest,Q10R,0.35041238559430754
Q10R,Q10R,Q10R:RE55,RE55,b12^1+,1,fn_missed,random_forest,Q10R,0.9505754669196838
Q10R,Q10R,Q10R:RE55,RE55,b15^1+,0,fp_selected,random_forest,Q10R,0.2781296161211796
Q10R,Q10R,Q10R:RE55,RE55,b21^1+,1,fn_missed,random_forest,Q10R,0.9520751943961526
Q10R,Q10R,Q10R:RE55,RE55,b35^2+,1,fn_missed,random_forest,Q10R,0.825750439919423
Q10R,Q10R,Q10R:RE55,RE55,c3^1+,1,tp_selected,random_forest,Q10R,0.49723753458155284
Q10R,Q10R,Q10R:RE55,RE55,c6^1+,0,fp_selected,random_forest,Q10R,0.3773224138809327
Q10R,Q10R,Q10R:RE55,RE55,c7^1+,1,tp_selected,random_forest,Q10R,0.4593044373362091
Q10R,Q10R,Q10R:RE55,RE55,c9^1+,1,tp_selected,random_forest,Q10R,0.2968693291369917
Q10R,Q10R,Q10R:RE55,RE55,c10^1+,1,tp_selected,random_forest,Q10R,0.4382371232609362
Q10R,Q10R,Q10R:RE55,RE55,c11^1+,1,fn_missed,random_forest,Q10R,0.9001248278427845
Q10R,Q10R,Q10R:RE55,RE55,c32^2+,1,fn_missed,random_forest,Q10R,0.8445520803506315
Q10R,Q10R,Q10R:RE55,RE55,c33^2+,1,fn_missed,random_forest,Q10R,0.8828547143792972
Q10R,Q10R,Q10R:RE55,RE55,c34^2+,1,tp_selected,random_forest,Q10R,0.6535203707614349
Q10R,Q10R,Q10R:RE55,RE55,c35^2+,1,fn_missed,random_forest,Q10R,0.6929087533737193
Q10R,Q10R,Q10R:RE55,RE55,c36^2+,1,tp_selected,random_forest,Q10R,0.36370611428001814
Q10R,Q10R,Q10R:RE55,RE55,c36^3+,1,tp_selected,random_forest,Q10R,0.2776610590268854
Q10R,Q10R,Q10R:RE65,RE65,b11^1+,1,fn_missed,random_forest,Q10R,0.9849520738095775
Q10R,Q10R,Q10R:RE65,RE65,b12^1+,0,manual_negative_only,random_forest,Q10R,0.9415981025785986
Q10R,Q10R,Q10R:RE65,RE65,b15^1+,0,manual_negative_only,random_forest,Q10R,0.9235947977584604
Q10R,Q10R,Q10R:RE65,RE65,b35^2+,1,fn_missed,random_forest,Q10R,0.9048192301137074
Q10R,Q10R,Q10R:RE65,RE65,b35^3+,1,fn_missed,random_forest,Q10R,0.7656932729300819
Q10R,Q10R,Q10R:RE65,RE65,b36^2+,1,fn_missed,random_forest,Q10R,0.9730956023097183
Q10R,Q10R,Q10R:RE65,RE65,b36^3+,1,fn_missed,random_forest,Q10R,0.9950793939393939
Q10R,Q10R,Q10R:RE65,RE65,c8^1+,1,fn_missed,random_forest,Q10R,0.5373049746704713
Q10R,Q10R,Q10R:RE65,RE65,c9^1+,1,tp_selected,random_forest,Q10R,0.2683195688578469
Q10R,Q10R,Q10R:RE65,RE65,c10^1+,1,tp_selected,random_forest,Q10R,0.49593714862283667
Q10R,Q10R,Q10R:RE65,RE65,c11^1+,1,tp_selected,random_forest,Q10R,0.22157078828846166
Q10R,Q10R,Q10R:RE65,RE65,c14^2+,0,manual_negative_only,random_forest,Q10R,0.7626566196298707
Q10R,Q10R,Q10R:RE65,RE65,c30^1+,0,manual_negative_only,random_forest,Q10R,0.9929856703229473
Q10R,Q10R,Q10R:RE65,RE65,c31^2+,1,fn_missed,random_forest,Q10R,0.7425589944336286
Q10R,Q10R,Q10R:RE65,RE65,c32^2+,1,fn_missed,random_forest,Q10R,0.9788665245072978
Q10R,Q10R,Q10R:RE65,RE65,c33^2+,1,fn_missed,random_forest,Q10R,0.9170837405520901
Q10R,Q10R,Q10R:RE65,RE65,c34^2+,1,fn_missed,random_forest,Q10R,0.7738430098856006
Q10R,Q10R,Q10R:RE65,RE65,c34^3+,1,fn_missed,random_forest,Q10R,0.8724913645334617
Q10R,Q10R,Q10R:RE65,RE65,c35^2+,1,tp_selected,random_forest,Q10R,0.3314237497301614
Q10R,Q10R,Q10R:RE65,RE65,c36^2+,1,tp_selected,random_forest,Q10R,0.2536232251023777
Q10R,Q10R,Q10R:RE65,RE65,c36^3+,1,fn_missed,random_forest,Q10R,0.7272677617383576
S20G,S20G,S20G:RE3,RE3,b4^1+,0,fp_selected,random_forest,S20G,0.08726592672058833
S20G,S20G,S20G:RE3,RE3,b19^1+,1,fn_missed,random_forest,S20G,0.9570534951500351
S20G,S20G,S20G:RE3,RE3,c3^1+,1,tp_selected,random_forest,S20G,0.5372829024816351
S20G,S20G,S20G:RE3,RE3,c6^1+,0,fp_selected,random_forest,S20G,0.4895582867436564
S20G,S20G,S20G:RE3,RE3,c7^1+,0,fp_selected,random_forest,S20G,0.7699112908870844
S20G,S20G,S20G:RE3,RE3,c9^1+,0,fp_selected,random_forest,S20G,0.5995696041354462
S20G,S20G,S20G:RE3,RE3,c10^1+,0,fp_selected,random_forest,S20G,0.9365628472367106
S20G,S20G,S20G:RE3,RE3,c12^1+,0,fp_selected,random_forest,S20G,0.14529513778166708
S20G,S20G,S20G:RE3,RE3,c18^1+,1,fn_missed,random_forest,S20G,0.874115170062622
S20G,S20G,S20G:RE8,RE8,c3^1+,1,tp_selected,random_forest,S20G,0.8064184553612023
S20G,S20G,S20G:RE8,RE8,c4^1+,0,fp_selected,random_forest,S20G,0.440458557469535
S20G,S20G,S20G:RE8,RE8,c6^1+,0,fp_selected,random_forest,S20G,0.7045081124712302
S20G,S20G,S20G:RE8,RE8,c7^1+,0,fp_selected,random_forest,S20G,0.8130826438349502
S20G,S20G,S20G:RE8,RE8,c8^1+,0,fp_selected,random_forest,S20G,0.8115525271196264
S20G,S20G,S20G:RE8,RE8,c9^1+,0,fp_selected,random_forest,S20G,0.36827466683983523
S20G,S20G,S20G:RE8,RE8,c10^1+,1,tp_selected,random_forest,S20G,0.8898797290236528
S20G,S20G,S20G:RE8,RE8,c11^1+,0,fp_selected,random_forest,S20G,0.45229698966544596
S20G,S20G,S20G:RE8,RE8,c12^1+,0,fp_selected,random_forest,S20G,0.35700501168498494
S20G,S20G,S20G:RE8,RE8,c14^1+,0,fp_selected,random_forest,S20G,0.3603752067586811
S20G,S20G,S20G:RE8,RE8,c17^1+,0,fp_selected,random_forest,S20G,0.6674236449072272
S20G,S20G,S20G:RE8,RE8,c18^1+,0,fp_selected,random_forest,S20G,0.34475285565024233
S20G,S20G,S20G:RE8,RE8,c21^2+,1,tp_selected,random_forest,S20G,0.47016830710949287
S20G,S20G,S20G:RE12,RE12,c3^1+,1,tp_selected,random_forest,S20G,0.6693661636313883
S20G,S20G,S20G:RE12,RE12,c4^1+,0,fp_selected,random_forest,S20G,0.21010592055140148
S20G,S20G,S20G:RE12,RE12,c7^1+,0,fp_selected,random_forest,S20G,0.8161085568249756
S20G,S20G,S20G:RE12,RE12,c8^1+,1,tp_selected,random_forest,S20G,0.7645498998722183
S20G,S20G,S20G:RE12,RE12,c9^1+,0,fp_selected,random_forest,S20G,0.889965632579751
S20G,S20G,S20G:RE12,RE12,c10^1+,1,tp_selected,random_forest,S20G,0.9879449269486517
S20G,S20G,S20G:RE12,RE12,c12^1+,0,fp_selected,random_forest,S20G,0.22135087360705577
S20G,S20G,S20G:RE15,RE15,c3^1+,1,tp_selected,random_forest,S20G,0.7966066958604142
S20G,S20G,S20G:RE15,RE15,c5^1+,1,fn_missed,random_forest,S20G,0.7834243019420913
S20G,S20G,S20G:RE15,RE15,c6^1+,1,tp_selected,random_forest,S20G,0.7320421441480165
S20G,S20G,S20G:RE15,RE15,c7^1+,1,tp_selected,random_forest,S20G,0.8507768992051049
S20G,S20G,S20G:RE15,RE15,c8^1+,1,tp_selected,random_forest,S20G,0.9126492468543458
S20G,S20G,S20G:RE15,RE15,c10^1+,1,tp_selected,random_forest,S20G,0.9411899052629237
S20G,S20G,S20G:RE15,RE15,c12^1+,0,fp_selected,random_forest,S20G,0.14393048271102846
S20G,S20G,S20G:RE15,RE15,c14^1+,0,fp_selected,random_forest,S20G,0.39131877882214744
S20G,S20G,S20G:RE15,RE15,c16^1+,0,fp_selected,random_forest,S20G,0.3853944357970844
S20G,S20G,S20G:RE15,RE15,c18^2+,1,fn_missed,random_forest,S20G,0.7898345152995468
S20G,S20G,S20G:RE18,RE18,c3^1+,1,tp_selected,random_forest,S20G,0.7009672495017688
S20G,S20G,S20G:RE18,RE18,c6^1+,0,fp_selected,random_forest,S20G,0.3894604568416224
S20G,S20G,S20G:RE18,RE18,c7^1+,1,tp_selected,random_forest,S20G,0.9624516373499691
S20G,S20G,S20G:RE18,RE18,c8^1+,0,fp_selected,random_forest,S20G,0.8020665408746643
S20G,S20G,S20G:RE18,RE18,c9^1+,1,fn_missed,random_forest,S20G,0.6085993106135417
S20G,S20G,S20G:RE18,RE18,c10^1+,1,tp_selected,random_forest,S20G,0.9093344507446784
S20G,S20G,S20G:RE18,RE18,c35^2+,1,fn_missed,random_forest,S20G,0.8095443197990433
S20G,S20G,S20G:RE22,RE22,c2^1+,1,fn_missed,random_forest,S20G,0.6015770475838251
S20G,S20G,S20G:RE22,RE22,c3^1+,1,fn_missed,random_forest,S20G,0.4274642282806556
S20G,S20G,S20G:RE22,RE22,c6^1+,1,fn_missed,random_forest,S20G,0.8407088252469506
S20G,S20G,S20G:RE22,RE22,c7^2+,1,fn_missed,random_forest,S20G,0.5636412551408132
S20G,S20G,S20G:RE22,RE22,c9^1+,1,tp_selected,random_forest,S20G,0.23097241156156814
S20G,S20G,S20G:RE22,RE22,c10^1+,1,fn_missed,random_forest,S20G,0.7475113334442193
S20G,S20G,S20G:RE22,RE22,c18^1+,0,fp_selected,random_forest,S20G,0.1964101162810912
S20G,S20G,S20G:RE25,RE25,c3^1+,1,tp_selected,random_forest,S20G,0.6070372618519776
S20G,S20G,S20G:RE25,RE25,c5^1+,0,fp_selected,random_forest,S20G,0.2161410805535632
S20G,S20G,S20G:RE25,RE25,c6^1+,0,fp_selected,random_forest,S20G,0.3908171538523536
S20G,S20G,S20G:RE25,RE25,c7^1+,1,tp_selected,random_forest,S20G,0.45530139714117335
S20G,S20G,S20G:RE25,RE25,c8^1+,0,fp_selected,random_forest,S20G,0.22611498420870738
S20G,S20G,S20G:RE25,RE25,c9^1+,0,fp_selected,random_forest,S20G,0.32875402225675066
S20G,S20G,S20G:RE25,RE25,c10^1+,1,tp_selected,random_forest,S20G,0.68552380597697
S20G,S20G,S20G:RE25,RE25,c11^1+,1,tp_selected,random_forest,S20G,0.2633262447229369
S20G,S20G,S20G:RE25,RE25,c12^1+,0,fp_selected,random_forest,S20G,0.4038379086491558
S20G,S20G,S20G:RE25,RE25,c13^1+,0,fp_selected,random_forest,S20G,0.48982225652889033
S20G,S20G,S20G:RE25,RE25,c14^1+,0,fp_selected,random_forest,S20G,0.19465976302348695
S20G,S20G,S20G:RE25,RE25,c18^1+,0,fp_selected,random_forest,S20G,0.5112522097333784
S20G,S20G,S20G:RE25,RE25,c21^1+,0,fp_selected,random_forest,S20G,0.2264427204198669
S20G,S20G,S20G:RE30,RE30,b24^1+,1,fn_missed,random_forest,S20G,0.9231260201917612
S20G,S20G,S20G:RE30,RE30,b36^2+,1,fn_missed,random_forest,S20G,0.949515745777465
S20G,S20G,S20G:RE30,RE30,c3^1+,0,fp_selected,random_forest,S20G,0.49340116984540233
S20G,S20G,S20G:RE30,RE30,c5^1+,0,fp_selected,random_forest,S20G,0.2669669657149763
S20G,S20G,S20G:RE30,RE30,c6^1+,1,tp_selected,random_forest,S20G,0.26353946218414054
S20G,S20G,S20G:RE30,RE30,c7^1+,1,tp_selected,random_forest,S20G,0.37007010870779555
S20G,S20G,S20G:RE30,RE30,c9^1+,1,tp_selected,random_forest,S20G,0.3278793466154557
S20G,S20G,S20G:RE30,RE30,c10^1+,1,tp_selected,random_forest,S20G,0.5914799536360009
S20G,S20G,S20G:RE30,RE30,c11^1+,0,fp_selected,random_forest,S20G,0.4178109040176015
S20G,S20G,S20G:RE30,RE30,c12^1+,0,fp_selected,random_forest,S20G,0.7512566184373135
S20G,S20G,S20G:RE30,RE30,c13^1+,0,fp_selected,random_forest,S20G,0.2567442653112017
S20G,S20G,S20G:RE30,RE30,c13^2+,1,fn_missed,random_forest,S20G,0.6170386802393728
S20G,S20G,S20G:RE30,RE30,c14^1+,0,fp_selected,random_forest,S20G,0.1477674416369564
S20G,S20G,S20G:RE30,RE30,c21^2+,1,fn_missed,random_forest,S20G,0.736651193882102
S20G,S20G,S20G:RE35,RE35,b25^1+,1,tp_selected,random_forest,S20G,0.12521148397648607
S20G,S20G,S20G:RE35,RE35,c3^1+,1,tp_selected,random_forest,S20G,0.7602650544946965
S20G,S20G,S20G:RE35,RE35,c6^1+,0,fp_selected,random_forest,S20G,0.32462774286036955
S20G,S20G,S20G:RE35,RE35,c7^1+,1,tp_selected,random_forest,S20G,0.9451357479219812
S20G,S20G,S20G:RE35,RE35,c8^1+,1,fn_missed,random_forest,S20G,0.6534144029521021
S20G,S20G,S20G:RE35,RE35,c9^1+,0,fp_selected,random_forest,S20G,0.7578009848933152
S20G,S20G,S20G:RE35,RE35,c10^1+,1,tp_selected,random_forest,S20G,0.990034285300929
S20G,S20G,S20G:RE35,RE35,c11^1+,1,fn_missed,random_forest,S20G,0.535717762416041
S20G,S20G,S20G:RE35,RE35,c18^1+,0,fp_selected,random_forest,S20G,0.6231355428865637
S20G,S20G,S20G:RE40,RE40,c2^1+,1,fn_missed,random_forest,S20G,0.9063705685463943
S20G,S20G,S20G:RE40,RE40,c3^1+,1,tp_selected,random_forest,S20G,0.8641833300026338
S20G,S20G,S20G:RE40,RE40,c6^1+,0,fp_selected,random_forest,S20G,0.7480595323872838
S20G,S20G,S20G:RE40,RE40,c7^1+,0,fp_selected,random_forest,S20G,0.8800157436311964
S20G,S20G,S20G:RE40,RE40,c8^1+,1,fn_missed,random_forest,S20G,0.8119471643044716
S20G,S20G,S20G:RE40,RE40,c9^1+,1,fn_missed,random_forest,S20G,0.5034890391496818
S20G,S20G,S20G:RE40,RE40,c10^1+,1,tp_selected,random_forest,S20G,0.9818936026956866
S20G,S20G,S20G:RE40,RE40,c11^1+,1,fn_missed,random_forest,S20G,0.7012182978079086
S20G,S20G,S20G:RE45,RE45,c2^1+,1,fn_missed,random_forest,S20G,0.6015770475838251
S20G,S20G,S20G:RE45,RE45,c3^1+,1,fn_missed,random_forest,S20G,0.4274642282806556
S20G,S20G,S20G:RE45,RE45,c6^1+,1,fn_missed,random_forest,S20G,0.8407088252469506
S20G,S20G,S20G:RE45,RE45,c7^1+,1,fn_missed,random_forest,S20G,0.7336401824727766
S20G,S20G,S20G:RE45,RE45,c9^1+,1,tp_selected,random_forest,S20G,0.23097241156156814
S20G,S20G,S20G:RE45,RE45,c10^1+,1,fn_missed,random_forest,S20G,0.7475113334442193
S20G,S20G,S20G:RE45,RE45,c18^1+,0,fp_selected,random_forest,S20G,0.1964101162810912
S20G,S20G,S20G:RE50,RE50,b13^1+,1,fn_missed,random_forest,S20G,0.8913737162852373
S20G,S20G,S20G:RE50,RE50,b18^1+,1,fn_missed,random_forest,S20G,0.770181295714078
S20G,S20G,S20G:RE50,RE50,b19^1+,1,fn_missed,random_forest,S20G,0.33637673919289607
S20G,S20G,S20G:RE50,RE50,b20^1+,0,fp_selected,random_forest,S20G,0.27269122140618124
S20G,S20G,S20G:RE50,RE50,c3^1+,0,fp_selected,random_forest,S20G,0.39098547459287175
S20G,S20G,S20G:RE50,RE50,c6^1+,0,fp_selected,random_forest,S20G,0.5402028919520772
S20G,S20G,S20G:RE50,RE50,c7^1+,1,fn_missed,random_forest,S20G,0.6543105954381028
S20G,S20G,S20G:RE50,RE50,c9^1+,1,tp_selected,random_forest,S20G,0.13037033443296395
S20G,S20G,S20G:RE50,RE50,c10^1+,1,fn_missed,random_forest,S20G,0.6495584978985768
S20G,S20G,S20G:RE50,RE50,c17^1+,1,fn_missed,random_forest,S20G,0.7228284458915956
S20G,S20G,S20G:RE50,RE50,c19^1+,0,fp_selected,random_forest,S20G,0.2876369096631021
S20G,S20G,S20G:RE55,RE55,b13^1+,1,fn_missed,random_forest,S20G,0.9240748595151619
S20G,S20G,S20G:RE55,RE55,b19^1+,0,fp_selected,random_forest,S20G,0.3239062611889934
S20G,S20G,S20G:RE55,RE55,b32^2+,0,fp_selected,random_forest,S20G,0.21471437990132466
S20G,S20G,S20G:RE55,RE55,c10^1+,1,fn_missed,random_forest,S20G,0.6721507091691081
S20G,S20G,S20G:RE55,RE55,c11^1+,1,tp_selected,random_forest,S20G,0.1585722505025941
S20G,S20G,S20G:RE55,RE55,c13^1+,0,fp_selected,random_forest,S20G,0.33693333495249594
S20G,S20G,S20G:RE55,RE55,c18^1+,0,fp_selected,random_forest,S20G,0.31880335930206843
S20G,S20G,S20G:RE55,RE55,c18^2+,0,fp_selected,random_forest,S20G,0.6337841902991437
S20G,S20G,S20G:RE65,RE65,c3^1+,1,fn_missed,random_forest,S20G,0.4955391292281671
S20G,S20G,S20G:RE65,RE65,c7^1+,1,tp_selected,random_forest,S20G,0.3135876035846282
S20G,S20G,S20G:RE65,RE65,c10^1+,0,fp_selected,random_forest,S20G,0.1731002394124676
S20G,S20G,S20G:RE65,RE65,c18^1+,0,fp_selected,random_forest,S20G,0.14131616481992038
S20G,S20G,S20G:RE65,RE65,c35^2+,1,fn_missed,random_forest,S20G,0.7752843109822126
S20G,S20G,S20G:RE65,RE65,c36^2+,1,fn_missed,random_forest,S20G,0.9534472604511831
WT_2025-02,WT,WT_2025-02:RE0,RE0,b18^1+,0,fp_selected,random_forest,WT,0.24291057050418727
WT_2025-02,WT,WT_2025-02:RE0,RE0,c3^1+,1,tp_selected,random_forest,WT,0.7540055774276389
WT_2025-02,WT,WT_2025-02:RE0,RE0,c6^1+,0,fp_selected,random_forest,WT,0.5816332501432596
WT_2025-02,WT,WT_2025-02:RE0,RE0,c7^1+,1,tp_selected,random_forest,WT,0.4795550947399268
WT_2025-02,WT,WT_2025-02:RE0,RE0,c8^1+,1,tp_selected,random_forest,WT,0.5023581247627285
WT_2025-02,WT,WT_2025-02:RE0,RE0,c9^1+,1,tp_selected,random_forest,WT,0.8568749097976031
WT_2025-02,WT,WT_2025-02:RE0,RE0,c10^1+,1,tp_selected,random_forest,WT,0.9190843774961532
WT_2025-02,WT,WT_2025-02:RE0,RE0,c11^1+,0,fp_selected,random_forest,WT,0.7662195050936961
WT_2025-02,WT,WT_2025-02:RE0,RE0,c14^1+,0,fp_selected,random_forest,WT,0.38528649636729
WT_2025-02,WT,WT_2025-02:RE0,RE0,c17^1+,0,fp_selected,random_forest,WT,0.19175639931209737
WT_2025-02,WT,WT_2025-02:RE8,RE8,b15^2+,0,fp_selected,random_forest,WT,0.34019212690812395
WT_2025-02,WT,WT_2025-02:RE8,RE8,b17^1+,1,fn_missed,random_forest,WT,0.7642976922406536
WT_2025-02,WT,WT_2025-02:RE8,RE8,b18^1+,0,fp_selected,random_forest,WT,0.6701370774814659
WT_2025-02,WT,WT_2025-02:RE8,RE8,b23^1+,0,fp_selected,random_forest,WT,0.16384554445349592
WT_2025-02,WT,WT_2025-02:RE8,RE8,b35^2+,1,fn_missed,random_forest,WT,0.8741648557548131
WT_2025-02,WT,WT_2025-02:RE8,RE8,c3^1+,1,tp_selected,random_forest,WT,0.7127042989686915
WT_2025-02,WT,WT_2025-02:RE8,RE8,c6^1+,0,fp_selected,random_forest,WT,0.4112187944432471
WT_2025-02,WT,WT_2025-02:RE8,RE8,c7^1+,0,fp_selected,random_forest,WT,0.9089341765062083
WT_2025-02,WT,WT_2025-02:RE8,RE8,c8^1+,0,fp_selected,random_forest,WT,0.7736346820709563
WT_2025-02,WT,WT_2025-02:RE8,RE8,c9^1+,0,fp_selected,random_forest,WT,0.8475609448126824
WT_2025-02,WT,WT_2025-02:RE8,RE8,c10^1+,1,tp_selected,random_forest,WT,0.8647867292328846
WT_2025-02,WT,WT_2025-02:RE8,RE8,c11^1+,0,fp_selected,random_forest,WT,0.6942397398256287
WT_2025-02,WT,WT_2025-02:RE8,RE8,c13^1+,1,tp_selected,random_forest,WT,0.4122192619026113
WT_2025-02,WT,WT_2025-02:RE8,RE8,c15^1+,0,fp_selected,random_forest,WT,0.3836715937802369
WT_2025-02,WT,WT_2025-02:RE8,RE8,c16^1+,0,fp_selected,random_forest,WT,0.09507862520747648
WT_2025-02,WT,WT_2025-02:RE8,RE8,c18^2+,1,fn_missed,random_forest,WT,0.8623176939575579
WT_2025-02,WT,WT_2025-02:RE8,RE8,c19^2+,0,fp_selected,random_forest,WT,0.45418390798812613
WT_2025-02,WT,WT_2025-02:RE8,RE8,c20^2+,1,fn_missed,random_forest,WT,0.7166379228723724
WT_2025-02,WT,WT_2025-02:RE8,RE8,c33^2+,1,tp_selected,random_forest,WT,0.4936241119921555
WT_2025-02,WT,WT_2025-02:RE8,RE8,c35^2+,1,tp_selected,random_forest,WT,0.6994168903628916
WT_2025-02,WT,WT_2025-02:RE8,RE8,c36^2+,1,tp_selected,random_forest,WT,0.5226583892757377
WT_2025-02,WT,WT_2025-02:RE12,RE12,b4^1+,0,fp_selected,random_forest,WT,0.3443930998550619
WT_2025-02,WT,WT_2025-02:RE12,RE12,b5^1+,1,tp_selected,random_forest,WT,0.5911659203874627
WT_2025-02,WT,WT_2025-02:RE12,RE12,b6^1+,1,tp_selected,random_forest,WT,0.26701420071754167
WT_2025-02,WT,WT_2025-02:RE12,RE12,b18^1+,0,fp_selected,random_forest,WT,0.25994323700036914
WT_2025-02,WT,WT_2025-02:RE12,RE12,c3^1+,1,tp_selected,random_forest,WT,0.4889689110618078
WT_2025-02,WT,WT_2025-02:RE12,RE12,c6^1+,0,fp_selected,random_forest,WT,0.3213868248071233
WT_2025-02,WT,WT_2025-02:RE12,RE12,c9^1+,1,tp_selected,random_forest,WT,0.4019992234447452
WT_2025-02,WT,WT_2025-02:RE12,RE12,c10^1+,1,tp_selected,random_forest,WT,0.7223395341734004
WT_2025-02,WT,WT_2025-02:RE12,RE12,c11^1+,1,tp_selected,random_forest,WT,0.21072176433860743
WT_2025-02,WT,WT_2025-02:RE16,RE16,c3^1+,1,fn_missed,random_forest,WT,0.36559181450208
WT_2025-02,WT,WT_2025-02:RE16,RE16,c7^1+,1,tp_selected,random_forest,WT,0.33570744930639823
WT_2025-02,WT,WT_2025-02:RE16,RE16,c9^1+,1,tp_selected,random_forest,WT,0.35715476647845185
WT_2025-02,WT,WT_2025-02:RE16,RE16,c10^1+,1,tp_selected,random_forest,WT,0.49879670248866076
WT_2025-02,WT,WT_2025-02:RE16,RE16,c21^1+,0,fp_selected,random_forest,WT,0.3154559172284554
WT_2025-02,WT,WT_2025-02:RE16,RE16,c24^1+,1,fn_missed,random_forest,WT,0.6837372229266965
WT_2025-02,WT,WT_2025-02:RE16,RE16,c36^2+,1,fn_missed,random_forest,WT,0.6689972371970733
WT_2025-02,WT,WT_2025-02:RE22,RE22,b6^1+,0,fp_selected,random_forest,WT,0.4626481227580565
WT_2025-02,WT,WT_2025-02:RE22,RE22,b18^1+,0,fp_selected,random_forest,WT,0.7778082489763971
WT_2025-02,WT,WT_2025-02:RE22,RE22,b35^2+,1,fn_missed,random_forest,WT,0.9015169460061269
WT_2025-02,WT,WT_2025-02:RE22,RE22,c3^1+,1,tp_selected,random_forest,WT,0.7050746265051023
WT_2025-02,WT,WT_2025-02:RE22,RE22,c5^1+,0,fp_selected,random_forest,WT,0.10532467865706936
WT_2025-02,WT,WT_2025-02:RE22,RE22,c6^1+,0,fp_selected,random_forest,WT,0.31788156172461074
WT_2025-02,WT,WT_2025-02:RE22,RE22,c7^1+,0,fp_selected,random_forest,WT,0.8555934553717894
WT_2025-02,WT,WT_2025-02:RE22,RE22,c8^1+,0,fp_selected,random_forest,WT,0.21666189418303514
WT_2025-02,WT,WT_2025-02:RE22,RE22,c9^1+,1,tp_selected,random_forest,WT,0.7735953109420033
WT_2025-02,WT,WT_2025-02:RE22,RE22,c10^1+,1,tp_selected,random_forest,WT,0.8617080391060278
WT_2025-02,WT,WT_2025-02:RE22,RE22,c11^1+,1,tp_selected,random_forest,WT,0.7275682704801039
WT_2025-02,WT,WT_2025-02:RE22,RE22,c13^1+,0,fp_selected,random_forest,WT,0.4726824043740925
WT_2025-02,WT,WT_2025-02:RE22,RE22,c15^1+,0,fp_selected,random_forest,WT,0.24797204980735768
WT_2025-02,WT,WT_2025-02:RE22,RE22,c17^1+,0,fp_selected,random_forest,WT,0.26808748945785277
WT_2025-02,WT,WT_2025-02:RE22,RE22,c18^2+,1,fn_missed,random_forest,WT,0.9029759655650985
WT_2025-02,WT,WT_2025-02:RE22,RE22,c19^2+,0,fp_selected,random_forest,WT,0.5863283153480865
WT_2025-02,WT,WT_2025-02:RE22,RE22,c20^2+,1,fn_missed,random_forest,WT,0.8519152546817673
WT_2025-02,WT,WT_2025-02:RE22,RE22,c30^2+,0,fp_selected,random_forest,WT,0.5720993884473619
WT_2025-02,WT,WT_2025-02:RE22,RE22,c33^2+,0,fp_selected,random_forest,WT,0.46507024120039414
WT_2025-02,WT,WT_2025-02:RE22,RE22,c34^2+,0,fp_selected,random_forest,WT,0.554024457323348
WT_2025-02,WT,WT_2025-02:RE22,RE22,c35^2+,0,fp_selected,random_forest,WT,0.782216112478537
WT_2025-02,WT,WT_2025-02:RE22,RE22,c36^2+,0,fp_selected,random_forest,WT,0.41895735160996644
WT_2025-02,WT,WT_2025-02:RE32,RE32,b18^1+,1,fn_missed,random_forest,WT,0.3528348180038017
WT_2025-02,WT,WT_2025-02:RE32,RE32,b19^1+,1,fn_missed,random_forest,WT,0.7430608330855476
WT_2025-02,WT,WT_2025-02:RE32,RE32,c10^1+,0,fp_selected,random_forest,WT,0.6689824689839075
WT_2025-02,WT,WT_2025-02:RE32,RE32,c13^1+,1,fn_missed,random_forest,WT,0.6421562290842963
WT_2025-02,WT,WT_2025-02:RE32,RE32,c18^1+,1,fn_missed,random_forest,WT,0.7682545461885585
WT_2025-02,WT,WT_2025-02:RE32,RE32,c20^1+,1,fn_missed,random_forest,WT,0.8579373725939244
WT_2025-02,WT,WT_2025-02:RE34,RE34,b13^1+,1,fn_missed,random_forest,WT,0.8602733896555533
WT_2025-02,WT,WT_2025-02:RE34,RE34,b14^1+,1,fn_missed,random_forest,WT,0.7291256302338796
WT_2025-02,WT,WT_2025-02:RE34,RE34,b19^1+,1,fn_missed,random_forest,WT,0.5945489230770268
WT_2025-02,WT,WT_2025-02:RE34,RE34,c10^1+,0,fp_selected,random_forest,WT,0.7402979310443312
WT_2025-02,WT,WT_2025-02:RE34,RE34,c13^1+,1,tp_selected,random_forest,WT,0.3460270107756197
WT_2025-02,WT,WT_2025-02:RE34,RE34,c14^1+,1,fn_missed,random_forest,WT,0.7736507090751122
WT_2025-02,WT,WT_2025-02:RE34,RE34,c18^1+,1,fn_missed,random_forest,WT,0.6837461951904118
WT_2025-02,WT,WT_2025-02:RE40,RE40,b13^1+,1,fn_missed,random_forest,WT,0.7976958112865555
WT_2025-02,WT,WT_2025-02:RE40,RE40,b14^1+,1,fn_missed,random_forest,WT,0.7599164349225215
WT_2025-02,WT,WT_2025-02:RE40,RE40,b18^1+,1,fn_missed,random_forest,WT,0.7282537842120304
WT_2025-02,WT,WT_2025-02:RE40,RE40,c18^1+,1,fn_missed,random_forest,WT,0.7057203223459904
WT_2025-02,WT,WT_2025-02:RE40,RE40,c20^1+,1,fn_missed,random_forest,WT,0.7534807282880384
WT_2025-03,WT,WT_2025-03:RE30,RE30,b5^1+,1,fn_missed,random_forest,WT,0.7666436271337387
WT_2025-03,WT,WT_2025-03:RE30,RE30,b6^1+,0,fp_selected,random_forest,WT,0.4843569385582377
WT_2025-03,WT,WT_2025-03:RE30,RE30,c3^1+,1,fn_missed,random_forest,WT,0.5047294341268094
WT_2025-03,WT,WT_2025-03:RE30,RE30,c7^1+,1,fn_missed,random_forest,WT,0.6901259849204942
WT_2025-03,WT,WT_2025-03:RE30,RE30,c9^1+,1,tp_selected,random_forest,WT,0.45293918210907347
WT_2025-03,WT,WT_2025-03:RE30,RE30,c10^1+,1,fn_missed,random_forest,WT,0.8148099996547651
WT_2025-03,WT,WT_2025-03:RE30,RE30,c13^1+,1,fn_missed,random_forest,WT,0.22674077454007993
WT_2025-03,WT,WT_2025-03:RE40,RE40,b18^1+,0,fp_selected,random_forest,WT,0.13319660114984513
WT_2025-03,WT,WT_2025-03:RE40,RE40,b20^1+,1,fn_missed,random_forest,WT,0.7419105830413522
WT_2025-03,WT,WT_2025-03:RE40,RE40,c3^1+,1,fn_missed,random_forest,WT,0.7238569661578432
WT_2025-03,WT,WT_2025-03:RE40,RE40,c13^1+,1,tp_selected,random_forest,WT,0.360097225107392
WT_2025-03,WT,WT_2025-03:RE40,RE40,c19^1+,1,fn_missed,random_forest,WT,0.7913974392333815
WT_2025-03,WT,WT_2025-03:RE40,RE40,c20^1+,1,fn_missed,random_forest,WT,0.6203103806554648
WT_2025-03,WT,WT_2025-03:RE45,RE45,b18^1+,1,fn_missed,random_forest,WT,0.4990544415986644
WT_2025-03,WT,WT_2025-03:RE45,RE45,b19^1+,1,fn_missed,random_forest,WT,0.7747600874808419
WT_2025-03,WT,WT_2025-03:RE45,RE45,c9^1+,0,fp_selected,random_forest,WT,0.6204861410505925
WT_2025-03,WT,WT_2025-03:RE45,RE45,c12^1+,0,fp_selected,random_forest,WT,0.29127559426346844
WT_2025-03,WT,WT_2025-03:RE50,RE50,b17^1+,1,fn_missed,random_forest,WT,0.7478887612461921
WT_2025-03,WT,WT_2025-03:RE50,RE50,b22^1+,1,fn_missed,random_forest,WT,0.9071736104413549
WT_2025-03,WT,WT_2025-03:RE50,RE50,c7^1+,1,fn_missed,random_forest,WT,0.9139865803238586
WT_2025-03,WT,WT_2025-03:RE50,RE50,c8^1+,1,fn_missed,random_forest,WT,0.567285269398671
WT_2025-03,WT,WT_2025-03:RE50,RE50,c9^1+,1,fn_missed,random_forest,WT,0.5218715907710921
WT_2025-03,WT,WT_2025-03:RE50,RE50,c10^1+,1,fn_missed,random_forest,WT,0.9049961111774795
WT_2025-03,WT,WT_2025-03:RE50,RE50,c12^1+,1,tp_selected,random_forest,WT,0.35075667303120944
WT_2025-03,WT,WT_2025-03:RE50,RE50,c14^1+,1,fn_missed,random_forest,WT,0.774439644347475
WT_2025-03,WT,WT_2025-03:RE50,RE50,c21^1+,0,fp_selected,random_forest,WT,0.3943401707758677
WT_2025-03,WT,WT_2025-03:RE50,RE50,c34^2+,1,fn_missed,random_forest,WT,0.7832647647736137
WT_2025-03,WT,WT_2025-03:RE50,RE50,c36^2+,1,fn_missed,random_forest,WT,0.9183173592590318
WT_2025-03,WT,WT_2025-03:RE56,RE56,b33^2+,1,fn_missed,random_forest,WT,0.8804649430179469
WT_2025-03,WT,WT_2025-03:RE56,RE56,c3^1+,0,fp_selected,random_forest,WT,0.633230646521473
WT_2025-03,WT,WT_2025-03:RE56,RE56,c7^1+,1,fn_missed,random_forest,WT,0.8502840090617554
WT_2025-03,WT,WT_2025-03:RE56,RE56,c8^1+,1,tp_selected,random_forest,WT,0.40331285813689843
WT_2025-03,WT,WT_2025-03:RE56,RE56,c9^1+,1,tp_selected,random_forest,WT,0.45713528446949786
WT_2025-03,WT,WT_2025-03:RE56,RE56,c10^1+,1,fn_missed,random_forest,WT,0.8200979775597874
WT_2025-03,WT,WT_2025-03:RE56,RE56,c11^1+,1,fn_missed,random_forest,WT,0.6685690833204144
WT_2025-03,WT,WT_2025-03:RE56,RE56,c16^2+,1,fn_missed,random_forest,WT,0.5423488929653684
WT_2025-03,WT,WT_2025-03:RE56,RE56,c18^2+,1,fn_missed,random_forest,WT,0.7605626592286572
WT_2025-03,WT,WT_2025-03:RE56,RE56,c30^2+,1,fn_missed,random_forest,WT,0.7974186267050285
WT_2025-03,WT,WT_2025-03:RE56,RE56,c32^2+,1,fn_missed,random_forest,WT,0.7292487061300639
WT_2025-03,WT,WT_2025-03:RE56,RE56,c33^2+,1,fn_missed,random_forest,WT,0.8474186206343651
WT_2025-03,WT,WT_2025-03:RE56,RE56,c35^1+,1,fn_missed,random_forest,WT,0.8375885161971667
WT_2025-03,WT,WT_2025-03:RE56,RE56,c36^2+,1,fn_missed,random_forest,WT,0.5763062892760975
WT_2025-03,WT,WT_2025-03:RE62,RE62,b14^1+,0,fp_selected,random_forest,WT,0.15228463797926467
WT_2025-03,WT,WT_2025-03:RE62,RE62,b16^1+,1,fn_missed,random_forest,WT,0.7780976303372686
WT_2025-03,WT,WT_2025-03:RE62,RE62,c3^1+,1,tp_selected,random_forest,WT,0.705062269153682
WT_2025-03,WT,WT_2025-03:RE62,RE62,c7^1+,1,tp_selected,random_forest,WT,0.7493592253688209
WT_2025-03,WT,WT_2025-03:RE62,RE62,c9^1+,0,fp_selected,random_forest,WT,0.6391456519371735
WT_2025-03,WT,WT_2025-03:RE62,RE62,c10^1+,1,tp_selected,random_forest,WT,0.8708723726338926
WT_2025-03,WT,WT_2025-03:RE62,RE62,c12^1+,0,fp_selected,random_forest,WT,0.4549931478306875
WT_2025-03,WT,WT_2025-03:RE62,RE62,c14^1+,0,fp_selected,random_forest,WT,0.2151828188698554
WT_2025-03,WT,WT_2025-03:RE62,RE62,c16^1+,1,fn_missed,random_forest,WT,0.8035424782599125
WT_2025-03,WT,WT_2025-03:RE62,RE62,c19^1+,0,fp_selected,random_forest,WT,0.0773431080839279
WT_2025-03,WT,WT_2025-03:RE62,RE62,c34^2+,0,fp_selected,random_forest,WT,0.6741492919930939
WT_2025-03,WT,WT_2025-03:RE62,RE62,c35^2+,0,fp_selected,random_forest,WT,0.7406719953805188
WT_2025-03,WT,WT_2025-03:RE62,RE62,c36^2+,0,fp_selected,random_forest,WT,0.7318151936470144
WT_2025-03,WT,WT_2025-03:RE65,RE65,b14^1+,0,fp_selected,random_forest,WT,0.11607692395582396
WT_2025-03,WT,WT_2025-03:RE65,RE65,c3^1+,0,fp_selected,random_forest,WT,0.7539588792881348
WT_2025-03,WT,WT_2025-03:RE65,RE65,c6^1+,0,fp_selected,random_forest,WT,0.224722350008831
WT_2025-03,WT,WT_2025-03:RE65,RE65,c7^1+,0,fp_selected,random_forest,WT,0.8626988998096208
WT_2025-03,WT,WT_2025-03:RE65,RE65,c9^1+,0,fp_selected,random_forest,WT,0.5210058982352409
WT_2025-03,WT,WT_2025-03:RE65,RE65,c10^1+,1,tp_selected,random_forest,WT,0.8645704358054273
WT_2025-03,WT,WT_2025-03:RE65,RE65,c12^1+,0,fp_selected,random_forest,WT,0.4667800998681938
WT_2025-03,WT,WT_2025-03:RE65,RE65,c14^1+,0,fp_selected,random_forest,WT,0.1486751588643834
WT_2025-03,WT,WT_2025-03:RE65,RE65,c17^1+,0,fp_selected,random_forest,WT,0.20507795694500405
WT_2025-03,WT,WT_2025-03:RE65,RE65,c32^2+,0,fp_selected,random_forest,WT,0.6126542928615454
WT_2025-03,WT,WT_2025-03:RE65,RE65,c33^2+,0,fp_selected,random_forest,WT,0.7325265923778641
WT_2025-03,WT,WT_2025-03:RE65,RE65,c34^2+,0,fp_selected,random_forest,WT,0.5689281043967217
WT_2025-03,WT,WT_2025-03:RE65,RE65,c35^2+,0,fp_selected,random_forest,WT,0.8294748610496379
WT_2025-03,WT,WT_2025-03:RE65,RE65,c36^2+,0,fp_selected,random_forest,WT,0.7440803919807817
WT_2025-03,WT,WT_2025-03:RE68,RE68,c3^1+,0,fp_selected,random_forest,WT,0.5273969648079213
WT_2025-03,WT,WT_2025-03:RE68,RE68,c6^1+,0,fp_selected,random_forest,WT,0.4188604328754068
WT_2025-03,WT,WT_2025-03:RE68,RE68,c7^1+,0,fp_selected,random_forest,WT,0.5140452313281217
WT_2025-03,WT,WT_2025-03:RE68,RE68,c9^1+,1,fn_missed,random_forest,WT,0.6766460898589005
WT_2025-03,WT,WT_2025-03:RE68,RE68,c10^1+,0,fp_selected,random_forest,WT,0.8623619390239841
WT_2025-03,WT,WT_2025-03:RE68,RE68,c12^1+,0,fp_selected,random_forest,WT,0.4717485014429542
WT_2025-03,WT,WT_2025-03:RE68,RE68,c14^1+,0,fp_selected,random_forest,WT,0.1171066663576537
WT_2025-03,WT,WT_2025-03:RE68,RE68,c17^1+,0,fp_selected,random_forest,WT,0.46352535545995555
WT_2025-03,WT,WT_2025-03:RE68,RE68,c31^2+,1,fn_missed,random_forest,WT,0.9101208423782235
WT_2025-03,WT,WT_2025-03:RE68,RE68,c32^2+,0,fp_selected,random_forest,WT,0.7255185923056429
WT_2025-03,WT,WT_2025-03:RE68,RE68,c33^2+,0,fp_selected,random_forest,WT,0.6749512137668139
WT_2025-03,WT,WT_2025-03:RE68,RE68,c34^2+,0,fp_selected,random_forest,WT,0.7398983249108013
WT_2025-03,WT,WT_2025-03:RE68,RE68,c35^1+,1,fn_missed,random_forest,WT,0.8606307976527138
WT_2025-03,WT,WT_2025-03:RE68,RE68,c35^2+,0,fp_selected,random_forest,WT,0.775030499885975
WT_2025-03,WT,WT_2025-03:RE68,RE68,c36^2+,0,fp_selected,random_forest,WT,0.8610069901298322
